Datetime,ALLSKY_SFC_SW_DWN,T2M
2025-1-1 0:00,-999,23.35
2025-1-1 1:00,-999,23.15
2025-1-1 2:00,-999,22.97
2025-1-1 3:00,-999,22.82
2025-1-1 4:00,-999,22.8
2025-1-1 5:00,-999,23.16
2025-1-1 6:00,-999,24.06
2025-1-1 7:00,-999,24.76
2025-1-1 8:00,-999,25.38
2025-1-1 9:00,-999,25.99
2025-1-1 10:00,-999,26.67
2025-1-1 11:00,-999,27.18
2025-1-1 12:00,-999,27.48
2025-1-1 13:00,-999,27.42
2025-1-1 14:00,-999,26.77
2025-1-1 15:00,-999,25.99
2025-1-1 16:00,-999,25.3
2025-1-1 17:00,-999,24.59
2025-1-1 18:00,-999,23.88
2025-1-1 19:00,-999,23.55
2025-1-1 20:00,-999,23.49
2025-1-1 21:00,-999,23.42
2025-1-1 22:00,-999,23.36
2025-1-1 23:00,-999,23.25
2025-1-2 0:00,-999,23.15
2025-1-2 1:00,-999,22.98
2025-1-2 2:00,-999,22.77
2025-1-2 3:00,-999,22.63
2025-1-2 4:00,-999,22.51
2025-1-2 5:00,-999,22.68
2025-1-2 6:00,-999,23.14
2025-1-2 7:00,-999,23.48
2025-1-2 8:00,-999,23.7
2025-1-2 9:00,-999,23.94
2025-1-2 10:00,-999,24.17
2025-1-2 11:00,-999,24.65
2025-1-2 12:00,-999,25.21
2025-1-2 13:00,-999,25.59
2025-1-2 14:00,-999,25.61
2025-1-2 15:00,-999,25.23
2025-1-2 16:00,-999,24.9
2025-1-2 17:00,-999,24.48
2025-1-2 18:00,-999,23.85
2025-1-2 19:00,-999,23.48
2025-1-2 20:00,-999,23.13
2025-1-2 21:00,-999,22.7
2025-1-2 22:00,-999,22.37
2025-1-2 23:00,-999,22.11
2025-1-3 0:00,-999,22.01
2025-1-3 1:00,-999,21.94
2025-1-3 2:00,-999,21.91
2025-1-3 3:00,-999,21.85
2025-1-3 4:00,-999,21.88
2025-1-3 5:00,-999,22.48
2025-1-3 6:00,-999,23.79
2025-1-3 7:00,-999,24.93
2025-1-3 8:00,-999,25.81
2025-1-3 9:00,-999,26.41
2025-1-3 10:00,-999,26.82
2025-1-3 11:00,-999,27.08
2025-1-3 12:00,-999,27.18
2025-1-3 13:00,-999,27.15
2025-1-3 14:00,-999,26.96
2025-1-3 15:00,-999,26.66
2025-1-3 16:00,-999,26.15
2025-1-3 17:00,-999,25.51
2025-1-3 18:00,-999,24.49
2025-1-3 19:00,-999,23.8
2025-1-3 20:00,-999,23.43
2025-1-3 21:00,-999,23.19
2025-1-3 22:00,-999,23.01
2025-1-3 23:00,-999,22.86
2025-1-4 0:00,-999,22.64
2025-1-4 1:00,-999,22.43
2025-1-4 2:00,-999,22.24
2025-1-4 3:00,-999,22.13
2025-1-4 4:00,-999,22.04
2025-1-4 5:00,-999,22.59
2025-1-4 6:00,-999,23.72
2025-1-4 7:00,-999,24.69
2025-1-4 8:00,-999,25.6
2025-1-4 9:00,-999,26.3
2025-1-4 10:00,-999,26.9
2025-1-4 11:00,-999,27.26
2025-1-4 12:00,-999,27.4
2025-1-4 13:00,-999,27.25
2025-1-4 14:00,-999,26.92
2025-1-4 15:00,-999,26.44
2025-1-4 16:00,-999,25.67
2025-1-4 17:00,-999,24.75
2025-1-4 18:00,-999,23.64
2025-1-4 19:00,-999,22.87
2025-1-4 20:00,-999,22.52
2025-1-4 21:00,-999,22.24
2025-1-4 22:00,-999,21.93
2025-1-4 23:00,-999,21.65
2025-1-5 0:00,-999,21.44
2025-1-5 1:00,-999,21.2
2025-1-5 2:00,-999,21
2025-1-5 3:00,-999,20.83
2025-1-5 4:00,-999,20.66
2025-1-5 5:00,-999,21.28
2025-1-5 6:00,-999,23.08
2025-1-5 7:00,-999,24.6
2025-1-5 8:00,-999,25.56
2025-1-5 9:00,-999,26.42
2025-1-5 10:00,-999,27.12
2025-1-5 11:00,-999,27.58
2025-1-5 12:00,-999,27.83
2025-1-5 13:00,-999,27.86
2025-1-5 14:00,-999,27.62
2025-1-5 15:00,-999,27.13
2025-1-5 16:00,-999,26.45
2025-1-5 17:00,-999,25.48
2025-1-5 18:00,-999,24.16
2025-1-5 19:00,-999,23.29
2025-1-5 20:00,-999,22.94
2025-1-5 21:00,-999,22.64
2025-1-5 22:00,-999,22.41
2025-1-5 23:00,-999,22.11
2025-1-6 0:00,-999,21.92
2025-1-6 1:00,-999,21.8
2025-1-6 2:00,-999,21.7
2025-1-6 3:00,-999,21.66
2025-1-6 4:00,-999,21.51
2025-1-6 5:00,-999,22.04
2025-1-6 6:00,-999,23.8
2025-1-6 7:00,-999,25.06
2025-1-6 8:00,-999,25.83
2025-1-6 9:00,-999,26.55
2025-1-6 10:00,-999,27.25
2025-1-6 11:00,-999,27.72
2025-1-6 12:00,-999,27.98
2025-1-6 13:00,-999,27.95
2025-1-6 14:00,-999,27.66
2025-1-6 15:00,-999,27.17
2025-1-6 16:00,-999,26.49
2025-1-6 17:00,-999,25.58
2025-1-6 18:00,-999,24.23
2025-1-6 19:00,-999,23.26
2025-1-6 20:00,-999,22.83
2025-1-6 21:00,-999,22.46
2025-1-6 22:00,-999,22.14
2025-1-6 23:00,-999,21.88
2025-1-7 0:00,-999,21.73
2025-1-7 1:00,-999,21.72
2025-1-7 2:00,-999,21.61
2025-1-7 3:00,-999,21.46
2025-1-7 4:00,-999,21.38
2025-1-7 5:00,-999,21.8
2025-1-7 6:00,-999,23.27
2025-1-7 7:00,-999,24.95
2025-1-7 8:00,-999,25.99
2025-1-7 9:00,-999,26.97
2025-1-7 10:00,-999,27.8
2025-1-7 11:00,-999,28.48
2025-1-7 12:00,-999,28.91
2025-1-7 13:00,-999,28.94
2025-1-7 14:00,-999,28.6
2025-1-7 15:00,-999,27.93
2025-1-7 16:00,-999,26.93
2025-1-7 17:00,-999,25.81
2025-1-7 18:00,-999,24.66
2025-1-7 19:00,-999,23.88
2025-1-7 20:00,-999,23.6
2025-1-7 21:00,-999,23.52
2025-1-7 22:00,-999,23.42
2025-1-7 23:00,-999,23.29
2025-1-8 0:00,-999,23.15
2025-1-8 1:00,-999,22.82
2025-1-8 2:00,-999,22.5
2025-1-8 3:00,-999,22.47
2025-1-8 4:00,-999,22.71
2025-1-8 5:00,-999,22.9
2025-1-8 6:00,-999,23.75
2025-1-8 7:00,-999,24.35
2025-1-8 8:00,-999,25.21
2025-1-8 9:00,-999,26.36
2025-1-8 10:00,-999,27.23
2025-1-8 11:00,-999,27.74
2025-1-8 12:00,-999,28.05
2025-1-8 13:00,-999,28.05
2025-1-8 14:00,-999,27.82
2025-1-8 15:00,-999,27.27
2025-1-8 16:00,-999,26.71
2025-1-8 17:00,-999,26.02
2025-1-8 18:00,-999,25.12
2025-1-8 19:00,-999,24.6
2025-1-8 20:00,-999,24.35
2025-1-8 21:00,-999,24.07
2025-1-8 22:00,-999,23.75
2025-1-8 23:00,-999,23.47
2025-1-9 0:00,-999,23.32
2025-1-9 1:00,-999,23.1
2025-1-9 2:00,-999,22.77
2025-1-9 3:00,-999,22.49
2025-1-9 4:00,-999,22.27
2025-1-9 5:00,-999,22.64
2025-1-9 6:00,-999,23.56
2025-1-9 7:00,-999,24.64
2025-1-9 8:00,-999,25.82
2025-1-9 9:00,-999,26.77
2025-1-9 10:00,-999,27.43
2025-1-9 11:00,-999,27.81
2025-1-9 12:00,-999,27.92
2025-1-9 13:00,-999,27.48
2025-1-9 14:00,-999,26.6
2025-1-9 15:00,-999,25.62
2025-1-9 16:00,-999,24.62
2025-1-9 17:00,-999,23.79
2025-1-9 18:00,-999,23.17
2025-1-9 19:00,-999,22.91
2025-1-9 20:00,-999,22.83
2025-1-9 21:00,-999,22.79
2025-1-9 22:00,-999,22.73
2025-1-9 23:00,-999,22.66
2025-1-10 0:00,-999,22.59
2025-1-10 1:00,-999,22.49
2025-1-10 2:00,-999,22.39
2025-1-10 3:00,-999,22.33
2025-1-10 4:00,-999,22.33
2025-1-10 5:00,-999,22.71
2025-1-10 6:00,-999,23.5
2025-1-10 7:00,-999,24.02
2025-1-10 8:00,-999,24.6
2025-1-10 9:00,-999,25.56
2025-1-10 10:00,-999,26.34
2025-1-10 11:00,-999,26.76
2025-1-10 12:00,-999,26.66
2025-1-10 13:00,-999,26.46
2025-1-10 14:00,-999,26.11
2025-1-10 15:00,-999,25.48
2025-1-10 16:00,-999,24.86
2025-1-10 17:00,-999,24.32
2025-1-10 18:00,-999,23.83
2025-1-10 19:00,-999,23.57
2025-1-10 20:00,-999,23.42
2025-1-10 21:00,-999,23.17
2025-1-10 22:00,-999,23.01
2025-1-10 23:00,-999,22.89
2025-1-11 0:00,-999,22.77
2025-1-11 1:00,-999,22.62
2025-1-11 2:00,-999,22.5
2025-1-11 3:00,-999,22.55
2025-1-11 4:00,-999,22.58
2025-1-11 5:00,-999,22.55
2025-1-11 6:00,-999,23.21
2025-1-11 7:00,-999,23.77
2025-1-11 8:00,-999,23.96
2025-1-11 9:00,-999,24.17
2025-1-11 10:00,-999,24.45
2025-1-11 11:00,-999,24.53
2025-1-11 12:00,-999,24.45
2025-1-11 13:00,-999,24.36
2025-1-11 14:00,-999,24.22
2025-1-11 15:00,-999,23.93
2025-1-11 16:00,-999,23.58
2025-1-11 17:00,-999,23.17
2025-1-11 18:00,-999,22.68
2025-1-11 19:00,-999,22.48
2025-1-11 20:00,-999,22.44
2025-1-11 21:00,-999,22.38
2025-1-11 22:00,-999,22.28
2025-1-11 23:00,-999,22.19
2025-1-12 0:00,-999,22.12
2025-1-12 1:00,-999,22.01
2025-1-12 2:00,-999,21.86
2025-1-12 3:00,-999,21.76
2025-1-12 4:00,-999,21.75
2025-1-12 5:00,-999,22.16
2025-1-12 6:00,-999,22.94
2025-1-12 7:00,-999,23.63
2025-1-12 8:00,-999,24.56
2025-1-12 9:00,-999,25.48
2025-1-12 10:00,-999,26.04
2025-1-12 11:00,-999,26.24
2025-1-12 12:00,-999,26.17
2025-1-12 13:00,-999,26.11
2025-1-12 14:00,-999,26.05
2025-1-12 15:00,-999,25.78
2025-1-12 16:00,-999,25.32
2025-1-12 17:00,-999,24.69
2025-1-12 18:00,-999,23.8
2025-1-12 19:00,-999,23.26
2025-1-12 20:00,-999,23.12
2025-1-12 21:00,-999,23.06
2025-1-12 22:00,-999,22.98
2025-1-12 23:00,-999,22.88
2025-1-13 0:00,-999,22.76
2025-1-13 1:00,-999,22.66
2025-1-13 2:00,-999,22.56
2025-1-13 3:00,-999,22.51
2025-1-13 4:00,-999,22.48
2025-1-13 5:00,-999,22.81
2025-1-13 6:00,-999,23.63
2025-1-13 7:00,-999,24.39
2025-1-13 8:00,-999,25.27
2025-1-13 9:00,-999,26.03
2025-1-13 10:00,-999,26.59
2025-1-13 11:00,-999,27.07
2025-1-13 12:00,-999,27.32
2025-1-13 13:00,-999,27.25
2025-1-13 14:00,-999,27.09
2025-1-13 15:00,-999,26.8
2025-1-13 16:00,-999,26.28
2025-1-13 17:00,-999,25.54
2025-1-13 18:00,-999,24.52
2025-1-13 19:00,-999,23.91
2025-1-13 20:00,-999,23.66
2025-1-13 21:00,-999,23.47
2025-1-13 22:00,-999,23.28
2025-1-13 23:00,-999,23.1
2025-1-14 0:00,-999,22.97
2025-1-14 1:00,-999,22.87
2025-1-14 2:00,-999,22.73
2025-1-14 3:00,-999,22.5
2025-1-14 4:00,-999,22.3
2025-1-14 5:00,-999,22.81
2025-1-14 6:00,-999,24.04
2025-1-14 7:00,-999,25.16
2025-1-14 8:00,-999,26.08
2025-1-14 9:00,-999,26.84
2025-1-14 10:00,-999,27.41
2025-1-14 11:00,-999,27.8
2025-1-14 12:00,-999,28.08
2025-1-14 13:00,-999,28.23
2025-1-14 14:00,-999,28.12
2025-1-14 15:00,-999,27.66
2025-1-14 16:00,-999,27.09
2025-1-14 17:00,-999,26.32
2025-1-14 18:00,-999,25.22
2025-1-14 19:00,-999,24.53
2025-1-14 20:00,-999,24.23
2025-1-14 21:00,-999,24.01
2025-1-14 22:00,-999,23.81
2025-1-14 23:00,-999,23.63
2025-1-15 0:00,-999,23.44
2025-1-15 1:00,-999,23.29
2025-1-15 2:00,-999,23.19
2025-1-15 3:00,-999,23.14
2025-1-15 4:00,-999,23.08
2025-1-15 5:00,-999,23.51
2025-1-15 6:00,-999,24.71
2025-1-15 7:00,-999,25.82
2025-1-15 8:00,-999,26.87
2025-1-15 9:00,-999,27.92
2025-1-15 10:00,-999,28.94
2025-1-15 11:00,-999,29.9
2025-1-15 12:00,-999,30.64
2025-1-15 13:00,-999,31.03
2025-1-15 14:00,-999,31.25
2025-1-15 15:00,-999,31.1
2025-1-15 16:00,-999,30.33
2025-1-15 17:00,-999,28.67
2025-1-15 18:00,-999,26.67
2025-1-15 19:00,-999,25.78
2025-1-15 20:00,-999,25.49
2025-1-15 21:00,-999,25.35
2025-1-15 22:00,-999,25.39
2025-1-15 23:00,-999,25.42
2025-1-16 0:00,-999,25.4
2025-1-16 1:00,-999,25.37
2025-1-16 2:00,-999,25.28
2025-1-16 3:00,-999,25.13
2025-1-16 4:00,-999,24.94
2025-1-16 5:00,-999,25
2025-1-16 6:00,-999,25.85
2025-1-16 7:00,-999,26.9
2025-1-16 8:00,-999,28.31
2025-1-16 9:00,-999,29.95
2025-1-16 10:00,-999,31.51
2025-1-16 11:00,-999,32.85
2025-1-16 12:00,-999,33.82
2025-1-16 13:00,-999,33.81
2025-1-16 14:00,-999,33.1
2025-1-16 15:00,-999,32.37
2025-1-16 16:00,-999,31.56
2025-1-16 17:00,-999,30.33
2025-1-16 18:00,-999,28.13
2025-1-16 19:00,-999,26.52
2025-1-16 20:00,-999,25.23
2025-1-16 21:00,-999,24.19
2025-1-16 22:00,-999,23.45
2025-1-16 23:00,-999,23.06
2025-1-17 0:00,-999,22.7
2025-1-17 1:00,-999,22.17
2025-1-17 2:00,-999,21.59
2025-1-17 3:00,-999,20.89
2025-1-17 4:00,-999,20.2
2025-1-17 5:00,-999,20.27
2025-1-17 6:00,-999,21.33
2025-1-17 7:00,-999,22.81
2025-1-17 8:00,-999,24.35
2025-1-17 9:00,-999,25.83
2025-1-17 10:00,-999,27.1
2025-1-17 11:00,-999,28.07
2025-1-17 12:00,-999,28.73
2025-1-17 13:00,-999,28.95
2025-1-17 14:00,-999,28.9
2025-1-17 15:00,-999,28.5
2025-1-17 16:00,-999,27.8
2025-1-17 17:00,-999,26.52
2025-1-17 18:00,-999,25.1
2025-1-17 19:00,-999,24.34
2025-1-17 20:00,-999,23.89
2025-1-17 21:00,-999,23.51
2025-1-17 22:00,-999,23.24
2025-1-17 23:00,-999,23.08
2025-1-18 0:00,-999,22.98
2025-1-18 1:00,-999,22.94
2025-1-18 2:00,-999,22.64
2025-1-18 3:00,-999,22.26
2025-1-18 4:00,-999,21.92
2025-1-18 5:00,-999,21.82
2025-1-18 6:00,-999,22.26
2025-1-18 7:00,-999,23.27
2025-1-18 8:00,-999,24.8
2025-1-18 9:00,-999,26.11
2025-1-18 10:00,-999,26.87
2025-1-18 11:00,-999,27.38
2025-1-18 12:00,-999,27.67
2025-1-18 13:00,-999,27.64
2025-1-18 14:00,-999,27.26
2025-1-18 15:00,-999,26.81
2025-1-18 16:00,-999,26.24
2025-1-18 17:00,-999,25.52
2025-1-18 18:00,-999,24.4
2025-1-18 19:00,-999,23.68
2025-1-18 20:00,-999,23.35
2025-1-18 21:00,-999,23.24
2025-1-18 22:00,-999,23.24
2025-1-18 23:00,-999,23.26
2025-1-19 0:00,-999,23.22
2025-1-19 1:00,-999,23.18
2025-1-19 2:00,-999,23.13
2025-1-19 3:00,-999,23.04
2025-1-19 4:00,-999,22.95
2025-1-19 5:00,-999,23.03
2025-1-19 6:00,-999,23.74
2025-1-19 7:00,-999,24.61
2025-1-19 8:00,-999,25.47
2025-1-19 9:00,-999,26.21
2025-1-19 10:00,-999,26.73
2025-1-19 11:00,-999,26.95
2025-1-19 12:00,-999,27.07
2025-1-19 13:00,-999,27.06
2025-1-19 14:00,-999,26.79
2025-1-19 15:00,-999,26.27
2025-1-19 16:00,-999,25.54
2025-1-19 17:00,-999,24.66
2025-1-19 18:00,-999,23.51
2025-1-19 19:00,-999,22.53
2025-1-19 20:00,-999,22.02
2025-1-19 21:00,-999,21.76
2025-1-19 22:00,-999,21.54
2025-1-19 23:00,-999,21.3
2025-1-20 0:00,-999,21.04
2025-1-20 1:00,-999,20.66
2025-1-20 2:00,-999,20.16
2025-1-20 3:00,-999,19.7
2025-1-20 4:00,-999,19.3
2025-1-20 5:00,-999,19.54
2025-1-20 6:00,-999,20.59
2025-1-20 7:00,-999,21.98
2025-1-20 8:00,-999,23.33
2025-1-20 9:00,-999,24.52
2025-1-20 10:00,-999,25.58
2025-1-20 11:00,-999,26.26
2025-1-20 12:00,-999,27.04
2025-1-20 13:00,-999,27.54
2025-1-20 14:00,-999,27.71
2025-1-20 15:00,-999,27.55
2025-1-20 16:00,-999,27.07
2025-1-20 17:00,-999,26.06
2025-1-20 18:00,-999,24.41
2025-1-20 19:00,-999,23.5
2025-1-20 20:00,-999,23.1
2025-1-20 21:00,-999,22.77
2025-1-20 22:00,-999,22.46
2025-1-20 23:00,-999,22.17
2025-1-21 0:00,-999,21.93
2025-1-21 1:00,-999,21.78
2025-1-21 2:00,-999,21.8
2025-1-21 3:00,-999,21.91
2025-1-21 4:00,-999,22.08
2025-1-21 5:00,-999,22.23
2025-1-21 6:00,-999,23.2
2025-1-21 7:00,-999,24.51
2025-1-21 8:00,-999,25.57
2025-1-21 9:00,-999,26.56
2025-1-21 10:00,-999,27.55
2025-1-21 11:00,-999,28.5
2025-1-21 12:00,-999,29.3
2025-1-21 13:00,-999,29.76
2025-1-21 14:00,-999,29.8
2025-1-21 15:00,-999,29.25
2025-1-21 16:00,-999,28.4
2025-1-21 17:00,-999,27.12
2025-1-21 18:00,-999,25.77
2025-1-21 19:00,-999,25.11
2025-1-21 20:00,-999,24.94
2025-1-21 21:00,-999,24.93
2025-1-21 22:00,-999,24.97
2025-1-21 23:00,-999,24.98
2025-1-22 0:00,-999,24.89
2025-1-22 1:00,-999,24.68
2025-1-22 2:00,-999,24.45
2025-1-22 3:00,-999,24.13
2025-1-22 4:00,-999,23.76
2025-1-22 5:00,-999,23.9
2025-1-22 6:00,-999,25.06
2025-1-22 7:00,-999,26.38
2025-1-22 8:00,-999,27.99
2025-1-22 9:00,-999,29.67
2025-1-22 10:00,-999,31.08
2025-1-22 11:00,-999,32.23
2025-1-22 12:00,-999,33.18
2025-1-22 13:00,-999,33.84
2025-1-22 14:00,-999,34.2
2025-1-22 15:00,-999,34.25
2025-1-22 16:00,-999,33.85
2025-1-22 17:00,-999,32.73
2025-1-22 18:00,-999,30.02
2025-1-22 19:00,-999,28.6
2025-1-22 20:00,-999,28.04
2025-1-22 21:00,-999,27.71
2025-1-22 22:00,-999,27.36
2025-1-22 23:00,-999,26.96
2025-1-23 0:00,-999,26.37
2025-1-23 1:00,-999,25.66
2025-1-23 2:00,-999,25.27
2025-1-23 3:00,-999,25.08
2025-1-23 4:00,-999,24.97
2025-1-23 5:00,-999,25.13
2025-1-23 6:00,-999,26.31
2025-1-23 7:00,-999,27.53
2025-1-23 8:00,-999,28.52
2025-1-23 9:00,-999,29.22
2025-1-23 10:00,-999,29.54
2025-1-23 11:00,-999,29.57
2025-1-23 12:00,-999,29.39
2025-1-23 13:00,-999,29.3
2025-1-23 14:00,-999,29.21
2025-1-23 15:00,-999,28.81
2025-1-23 16:00,-999,28.36
2025-1-23 17:00,-999,27.78
2025-1-23 18:00,-999,26.98
2025-1-23 19:00,-999,26.55
2025-1-23 20:00,-999,26.42
2025-1-23 21:00,-999,26.3
2025-1-23 22:00,-999,26.13
2025-1-23 23:00,-999,25.89
2025-1-24 0:00,-999,25.62
2025-1-24 1:00,-999,25.41
2025-1-24 2:00,-999,25.24
2025-1-24 3:00,-999,25.04
2025-1-24 4:00,-999,24.86
2025-1-24 5:00,-999,24.95
2025-1-24 6:00,-999,25.57
2025-1-24 7:00,-999,26.36
2025-1-24 8:00,-999,27.4
2025-1-24 9:00,-999,28.52
2025-1-24 10:00,-999,29.52
2025-1-24 11:00,-999,30.37
2025-1-24 12:00,-999,31.08
2025-1-24 13:00,-999,31.85
2025-1-24 14:00,-999,32.58
2025-1-24 15:00,-999,33.12
2025-1-24 16:00,-999,33.31
2025-1-24 17:00,-999,32.33
2025-1-24 18:00,-999,30.69
2025-1-24 19:00,-999,29.15
2025-1-24 20:00,-999,27.58
2025-1-24 21:00,-999,26.02
2025-1-24 22:00,-999,24.85
2025-1-24 23:00,-999,24.12
2025-1-25 0:00,-999,23.62
2025-1-25 1:00,-999,23.45
2025-1-25 2:00,-999,23.45
2025-1-25 3:00,-999,23.49
2025-1-25 4:00,-999,23.55
2025-1-25 5:00,-999,23.81
2025-1-25 6:00,-999,24.71
2025-1-25 7:00,-999,25.72
2025-1-25 8:00,-999,26.61
2025-1-25 9:00,-999,27.39
2025-1-25 10:00,-999,27.94
2025-1-25 11:00,-999,28.33
2025-1-25 12:00,-999,28.5
2025-1-25 13:00,-999,28.44
2025-1-25 14:00,-999,28.03
2025-1-25 15:00,-999,27.52
2025-1-25 16:00,-999,26.84
2025-1-25 17:00,-999,26.02
2025-1-25 18:00,-999,25.15
2025-1-25 19:00,-999,24.62
2025-1-25 20:00,-999,24.33
2025-1-25 21:00,-999,24.07
2025-1-25 22:00,-999,23.8
2025-1-25 23:00,-999,23.54
2025-1-26 0:00,-999,23.28
2025-1-26 1:00,-999,23.05
2025-1-26 2:00,-999,22.85
2025-1-26 3:00,-999,22.69
2025-1-26 4:00,-999,22.56
2025-1-26 5:00,-999,22.95
2025-1-26 6:00,-999,24.63
2025-1-26 7:00,-999,25.79
2025-1-26 8:00,-999,26.7
2025-1-26 9:00,-999,27.57
2025-1-26 10:00,-999,28.33
2025-1-26 11:00,-999,28.89
2025-1-26 12:00,-999,29.2
2025-1-26 13:00,-999,29.25
2025-1-26 14:00,-999,28.96
2025-1-26 15:00,-999,28.34
2025-1-26 16:00,-999,27.46
2025-1-26 17:00,-999,26.35
2025-1-26 18:00,-999,25.12
2025-1-26 19:00,-999,24.52
2025-1-26 20:00,-999,24.31
2025-1-26 21:00,-999,24.12
2025-1-26 22:00,-999,23.93
2025-1-26 23:00,-999,23.76
2025-1-27 0:00,-999,23.62
2025-1-27 1:00,-999,23.55
2025-1-27 2:00,-999,23.61
2025-1-27 3:00,-999,23.67
2025-1-27 4:00,-999,23.65
2025-1-27 5:00,-999,24.06
2025-1-27 6:00,-999,25.46
2025-1-27 7:00,-999,26.35
2025-1-27 8:00,-999,26.96
2025-1-27 9:00,-999,27.65
2025-1-27 10:00,-999,28.26
2025-1-27 11:00,-999,28.68
2025-1-27 12:00,-999,28.9
2025-1-27 13:00,-999,28.91
2025-1-27 14:00,-999,28.65
2025-1-27 15:00,-999,28.13
2025-1-27 16:00,-999,27.34
2025-1-27 17:00,-999,26.35
2025-1-27 18:00,-999,25.1
2025-1-27 19:00,-999,24.4
2025-1-27 20:00,-999,24.1
2025-1-27 21:00,-999,23.83
2025-1-27 22:00,-999,23.57
2025-1-27 23:00,-999,23.29
2025-1-28 0:00,-999,23.03
2025-1-28 1:00,-999,22.81
2025-1-28 2:00,-999,22.63
2025-1-28 3:00,-999,22.49
2025-1-28 4:00,-999,22.37
2025-1-28 5:00,-999,22.69
2025-1-28 6:00,-999,24.49
2025-1-28 7:00,-999,25.77
2025-1-28 8:00,-999,26.73
2025-1-28 9:00,-999,27.64
2025-1-28 10:00,-999,28.46
2025-1-28 11:00,-999,29.1
2025-1-28 12:00,-999,29.54
2025-1-28 13:00,-999,29.64
2025-1-28 14:00,-999,29.43
2025-1-28 15:00,-999,28.96
2025-1-28 16:00,-999,28.18
2025-1-28 17:00,-999,27.11
2025-1-28 18:00,-999,25.64
2025-1-28 19:00,-999,24.87
2025-1-28 20:00,-999,24.54
2025-1-28 21:00,-999,24.26
2025-1-28 22:00,-999,23.97
2025-1-28 23:00,-999,23.67
2025-1-29 0:00,-999,23.36
2025-1-29 1:00,-999,23.05
2025-1-29 2:00,-999,22.8
2025-1-29 3:00,-999,22.64
2025-1-29 4:00,-999,22.62
2025-1-29 5:00,-999,22.98
2025-1-29 6:00,-999,24.39
2025-1-29 7:00,-999,26.12
2025-1-29 8:00,-999,27.34
2025-1-29 9:00,-999,28.39
2025-1-29 10:00,-999,29.26
2025-1-29 11:00,-999,29.88
2025-1-29 12:00,-999,30.24
2025-1-29 13:00,-999,30.26
2025-1-29 14:00,-999,29.9
2025-1-29 15:00,-999,29.22
2025-1-29 16:00,-999,28.29
2025-1-29 17:00,-999,27.12
2025-1-29 18:00,-999,25.73
2025-1-29 19:00,-999,24.98
2025-1-29 20:00,-999,24.66
2025-1-29 21:00,-999,24.38
2025-1-29 22:00,-999,24.12
2025-1-29 23:00,-999,23.89
2025-1-30 0:00,-999,23.63
2025-1-30 1:00,-999,23.36
2025-1-30 2:00,-999,23.19
2025-1-30 3:00,-999,23.17
2025-1-30 4:00,-999,23.27
2025-1-30 5:00,-999,23.66
2025-1-30 6:00,-999,25.39
2025-1-30 7:00,-999,26.75
2025-1-30 8:00,-999,27.7
2025-1-30 9:00,-999,28.52
2025-1-30 10:00,-999,29.17
2025-1-30 11:00,-999,29.58
2025-1-30 12:00,-999,29.74
2025-1-30 13:00,-999,29.65
2025-1-30 14:00,-999,29.36
2025-1-30 15:00,-999,28.86
2025-1-30 16:00,-999,28.13
2025-1-30 17:00,-999,27.17
2025-1-30 18:00,-999,25.91
2025-1-30 19:00,-999,25.25
2025-1-30 20:00,-999,24.96
2025-1-30 21:00,-999,24.74
2025-1-30 22:00,-999,24.51
2025-1-30 23:00,-999,24.35
2025-1-31 0:00,-999,24.28
2025-1-31 1:00,-999,24.11
2025-1-31 2:00,-999,23.93
2025-1-31 3:00,-999,23.83
2025-1-31 4:00,-999,23.74
2025-1-31 5:00,-999,24.09
2025-1-31 6:00,-999,25.27
2025-1-31 7:00,-999,26.4
2025-1-31 8:00,-999,27.68
2025-1-31 9:00,-999,28.78
2025-1-31 10:00,-999,29.67
2025-1-31 11:00,-999,30.23
2025-1-31 12:00,-999,30.42
2025-1-31 13:00,-999,30.31
2025-1-31 14:00,-999,29.89
2025-1-31 15:00,-999,29.22
2025-1-31 16:00,-999,28.36
2025-1-31 17:00,-999,27.35
2025-1-31 18:00,-999,26.26
2025-1-31 19:00,-999,25.68
2025-1-31 20:00,-999,25.41
2025-1-31 21:00,-999,25.22
2025-1-31 22:00,-999,25.12
2025-1-31 23:00,-999,25.09
2025-2-1 0:00,-999,24.94
2025-2-1 1:00,-999,24.7
2025-2-1 2:00,-999,24.48
2025-2-1 3:00,-999,24.3
2025-2-1 4:00,-999,24.21
2025-2-1 5:00,-999,24.62
2025-2-1 6:00,-999,25.76
2025-2-1 7:00,-999,26.68
2025-2-1 8:00,-999,27.46
2025-2-1 9:00,-999,28.25
2025-2-1 10:00,-999,28.88
2025-2-1 11:00,-999,29.34
2025-2-1 12:00,-999,29.52
2025-2-1 13:00,-999,29.46
2025-2-1 14:00,-999,29.15
2025-2-1 15:00,-999,28.54
2025-2-1 16:00,-999,27.59
2025-2-1 17:00,-999,26.64
2025-2-1 18:00,-999,25.79
2025-2-1 19:00,-999,25.35
2025-2-1 20:00,-999,25.09
2025-2-1 21:00,-999,24.89
2025-2-1 22:00,-999,24.69
2025-2-1 23:00,-999,24.47
2025-2-2 0:00,-999,24.21
2025-2-2 1:00,-999,23.93
2025-2-2 2:00,-999,23.62
2025-2-2 3:00,-999,23.38
2025-2-2 4:00,-999,23.17
2025-2-2 5:00,-999,23.19
2025-2-2 6:00,-999,23.82
2025-2-2 7:00,-999,24.7
2025-2-2 8:00,-999,25.6
2025-2-2 9:00,-999,26.31
2025-2-2 10:00,-999,26.92
2025-2-2 11:00,-999,27.28
2025-2-2 12:00,-999,27.4
2025-2-2 13:00,-999,27.3
2025-2-2 14:00,-999,27.06
2025-2-2 15:00,-999,26.73
2025-2-2 16:00,-999,26.35
2025-2-2 17:00,-999,25.85
2025-2-2 18:00,-999,25.18
2025-2-2 19:00,-999,24.79
2025-2-2 20:00,-999,24.6
2025-2-2 21:00,-999,24.53
2025-2-2 22:00,-999,24.46
2025-2-2 23:00,-999,24.35
2025-2-3 0:00,-999,24.2
2025-2-3 1:00,-999,24.1
2025-2-3 2:00,-999,24.03
2025-2-3 3:00,-999,23.92
2025-2-3 4:00,-999,23.8
2025-2-3 5:00,-999,24
2025-2-3 6:00,-999,24.89
2025-2-3 7:00,-999,25.72
2025-2-3 8:00,-999,26.63
2025-2-3 9:00,-999,27.43
2025-2-3 10:00,-999,27.91
2025-2-3 11:00,-999,28.25
2025-2-3 12:00,-999,28.35
2025-2-3 13:00,-999,27.8
2025-2-3 14:00,-999,27.22
2025-2-3 15:00,-999,26.74
2025-2-3 16:00,-999,26.24
2025-2-3 17:00,-999,25.75
2025-2-3 18:00,-999,25.23
2025-2-3 19:00,-999,24.95
2025-2-3 20:00,-999,24.76
2025-2-3 21:00,-999,24.6
2025-2-3 22:00,-999,24.36
2025-2-3 23:00,-999,24.21
2025-2-4 0:00,-999,24.07
2025-2-4 1:00,-999,23.95
2025-2-4 2:00,-999,23.93
2025-2-4 3:00,-999,23.91
2025-2-4 4:00,-999,23.92
2025-2-4 5:00,-999,24.13
2025-2-4 6:00,-999,24.92
2025-2-4 7:00,-999,25.57
2025-2-4 8:00,-999,26.13
2025-2-4 9:00,-999,26.55
2025-2-4 10:00,-999,26.9
2025-2-4 11:00,-999,27.25
2025-2-4 12:00,-999,27.9
2025-2-4 13:00,-999,28.26
2025-2-4 14:00,-999,28.23
2025-2-4 15:00,-999,27.84
2025-2-4 16:00,-999,27.12
2025-2-4 17:00,-999,26.27
2025-2-4 18:00,-999,25.41
2025-2-4 19:00,-999,25
2025-2-4 20:00,-999,24.82
2025-2-4 21:00,-999,24.63
2025-2-4 22:00,-999,24.48
2025-2-4 23:00,-999,24.39
2025-2-5 0:00,-999,24.32
2025-2-5 1:00,-999,24.26
2025-2-5 2:00,-999,24.19
2025-2-5 3:00,-999,24.05
2025-2-5 4:00,-999,23.97
2025-2-5 5:00,-999,24.25
2025-2-5 6:00,-999,25.2
2025-2-5 7:00,-999,25.84
2025-2-5 8:00,-999,26.48
2025-2-5 9:00,-999,27.1
2025-2-5 10:00,-999,27.36
2025-2-5 11:00,-999,27.43
2025-2-5 12:00,-999,27.76
2025-2-5 13:00,-999,28.15
2025-2-5 14:00,-999,27.85
2025-2-5 15:00,-999,27.14
2025-2-5 16:00,-999,26.36
2025-2-5 17:00,-999,25.55
2025-2-5 18:00,-999,24.8
2025-2-5 19:00,-999,24.44
2025-2-5 20:00,-999,24.28
2025-2-5 21:00,-999,24.15
2025-2-5 22:00,-999,24.01
2025-2-5 23:00,-999,23.94
2025-2-6 0:00,-999,23.8
2025-2-6 1:00,-999,23.64
2025-2-6 2:00,-999,23.52
2025-2-6 3:00,-999,23.39
2025-2-6 4:00,-999,23.28
2025-2-6 5:00,-999,23.43
2025-2-6 6:00,-999,24.31
2025-2-6 7:00,-999,25.01
2025-2-6 8:00,-999,25.88
2025-2-6 9:00,-999,26.79
2025-2-6 10:00,-999,27.56
2025-2-6 11:00,-999,28.02
2025-2-6 12:00,-999,28.12
2025-2-6 13:00,-999,28.19
2025-2-6 14:00,-999,28.14
2025-2-6 15:00,-999,27.75
2025-2-6 16:00,-999,27.19
2025-2-6 17:00,-999,26.44
2025-2-6 18:00,-999,25.31
2025-2-6 19:00,-999,24.66
2025-2-6 20:00,-999,24.32
2025-2-6 21:00,-999,24.15
2025-2-6 22:00,-999,24.03
2025-2-6 23:00,-999,23.84
2025-2-7 0:00,-999,23.58
2025-2-7 1:00,-999,23.36
2025-2-7 2:00,-999,23.14
2025-2-7 3:00,-999,23.05
2025-2-7 4:00,-999,22.97
2025-2-7 5:00,-999,23.18
2025-2-7 6:00,-999,24.29
2025-2-7 7:00,-999,25.35
2025-2-7 8:00,-999,26.32
2025-2-7 9:00,-999,27.23
2025-2-7 10:00,-999,27.92
2025-2-7 11:00,-999,28.38
2025-2-7 12:00,-999,28.53
2025-2-7 13:00,-999,28.47
2025-2-7 14:00,-999,28.12
2025-2-7 15:00,-999,27.58
2025-2-7 16:00,-999,26.71
2025-2-7 17:00,-999,25.76
2025-2-7 18:00,-999,24.68
2025-2-7 19:00,-999,24.12
2025-2-7 20:00,-999,23.8
2025-2-7 21:00,-999,23.56
2025-2-7 22:00,-999,23.34
2025-2-7 23:00,-999,23.26
2025-2-8 0:00,-999,23.17
2025-2-8 1:00,-999,22.97
2025-2-8 2:00,-999,22.75
2025-2-8 3:00,-999,22.58
2025-2-8 4:00,-999,22.45
2025-2-8 5:00,-999,22.62
2025-2-8 6:00,-999,23.69
2025-2-8 7:00,-999,24.77
2025-2-8 8:00,-999,25.9
2025-2-8 9:00,-999,26.85
2025-2-8 10:00,-999,27.57
2025-2-8 11:00,-999,28.06
2025-2-8 12:00,-999,28.32
2025-2-8 13:00,-999,28.28
2025-2-8 14:00,-999,28.05
2025-2-8 15:00,-999,27.61
2025-2-8 16:00,-999,26.92
2025-2-8 17:00,-999,25.93
2025-2-8 18:00,-999,24.75
2025-2-8 19:00,-999,24.15
2025-2-8 20:00,-999,23.86
2025-2-8 21:00,-999,23.63
2025-2-8 22:00,-999,23.42
2025-2-8 23:00,-999,23.21
2025-2-9 0:00,-999,23.24
2025-2-9 1:00,-999,23.22
2025-2-9 2:00,-999,23.1
2025-2-9 3:00,-999,22.91
2025-2-9 4:00,-999,22.75
2025-2-9 5:00,-999,22.97
2025-2-9 6:00,-999,24.39
2025-2-9 7:00,-999,25.62
2025-2-9 8:00,-999,26.59
2025-2-9 9:00,-999,27.49
2025-2-9 10:00,-999,28.1
2025-2-9 11:00,-999,28.43
2025-2-9 12:00,-999,28.54
2025-2-9 13:00,-999,28.47
2025-2-9 14:00,-999,28.23
2025-2-9 15:00,-999,27.82
2025-2-9 16:00,-999,27.19
2025-2-9 17:00,-999,26.32
2025-2-9 18:00,-999,25.3
2025-2-9 19:00,-999,24.8
2025-2-9 20:00,-999,24.6
2025-2-9 21:00,-999,24.44
2025-2-9 22:00,-999,24.34
2025-2-9 23:00,-999,24.24
2025-2-10 0:00,-999,24.12
2025-2-10 1:00,-999,24
2025-2-10 2:00,-999,23.9
2025-2-10 3:00,-999,23.79
2025-2-10 4:00,-999,23.65
2025-2-10 5:00,-999,23.85
2025-2-10 6:00,-999,25.13
2025-2-10 7:00,-999,26.11
2025-2-10 8:00,-999,27.22
2025-2-10 9:00,-999,28.21
2025-2-10 10:00,-999,28.9
2025-2-10 11:00,-999,29.37
2025-2-10 12:00,-999,29.62
2025-2-10 13:00,-999,29.62
2025-2-10 14:00,-999,29.21
2025-2-10 15:00,-999,28.64
2025-2-10 16:00,-999,27.87
2025-2-10 17:00,-999,26.84
2025-2-10 18:00,-999,25.55
2025-2-10 19:00,-999,24.88
2025-2-10 20:00,-999,24.52
2025-2-10 21:00,-999,24.2
2025-2-10 22:00,-999,24.05
2025-2-10 23:00,-999,23.94
2025-2-11 0:00,-999,23.82
2025-2-11 1:00,-999,23.66
2025-2-11 2:00,-999,23.46
2025-2-11 3:00,-999,23.31
2025-2-11 4:00,-999,23.2
2025-2-11 5:00,-999,23.43
2025-2-11 6:00,-999,24.72
2025-2-11 7:00,-999,25.78
2025-2-11 8:00,-999,26.84
2025-2-11 9:00,-999,27.9
2025-2-11 10:00,-999,28.7
2025-2-11 11:00,-999,29.06
2025-2-11 12:00,-999,29.22
2025-2-11 13:00,-999,29.18
2025-2-11 14:00,-999,29.09
2025-2-11 15:00,-999,28.73
2025-2-11 16:00,-999,27.93
2025-2-11 17:00,-999,26.88
2025-2-11 18:00,-999,25.73
2025-2-11 19:00,-999,25.18
2025-2-11 20:00,-999,24.88
2025-2-11 21:00,-999,24.65
2025-2-11 22:00,-999,24.45
2025-2-11 23:00,-999,24.21
2025-2-12 0:00,-999,24.09
2025-2-12 1:00,-999,24.02
2025-2-12 2:00,-999,24.03
2025-2-12 3:00,-999,24.01
2025-2-12 4:00,-999,23.92
2025-2-12 5:00,-999,24.12
2025-2-12 6:00,-999,25.02
2025-2-12 7:00,-999,25.88
2025-2-12 8:00,-999,27.01
2025-2-12 9:00,-999,27.89
2025-2-12 10:00,-999,28.44
2025-2-12 11:00,-999,28.54
2025-2-12 12:00,-999,28.28
2025-2-12 13:00,-999,27.86
2025-2-12 14:00,-999,27.32
2025-2-12 15:00,-999,26.84
2025-2-12 16:00,-999,26.62
2025-2-12 17:00,-999,26.37
2025-2-12 18:00,-999,25.86
2025-2-12 19:00,-999,25.57
2025-2-12 20:00,-999,25.32
2025-2-12 21:00,-999,25.14
2025-2-12 22:00,-999,25.02
2025-2-12 23:00,-999,24.92
2025-2-13 0:00,-999,24.74
2025-2-13 1:00,-999,24.55
2025-2-13 2:00,-999,24.36
2025-2-13 3:00,-999,24.19
2025-2-13 4:00,-999,24.05
2025-2-13 5:00,-999,24.15
2025-2-13 6:00,-999,25.21
2025-2-13 7:00,-999,25.92
2025-2-13 8:00,-999,26.57
2025-2-13 9:00,-999,27.2
2025-2-13 10:00,-999,27.75
2025-2-13 11:00,-999,28.18
2025-2-13 12:00,-999,28.36
2025-2-13 13:00,-999,28.34
2025-2-13 14:00,-999,28.16
2025-2-13 15:00,-999,27.76
2025-2-13 16:00,-999,27.15
2025-2-13 17:00,-999,26.44
2025-2-13 18:00,-999,25.51
2025-2-13 19:00,-999,25.02
2025-2-13 20:00,-999,24.76
2025-2-13 21:00,-999,24.55
2025-2-13 22:00,-999,24.4
2025-2-13 23:00,-999,24.23
2025-2-14 0:00,-999,24.08
2025-2-14 1:00,-999,23.91
2025-2-14 2:00,-999,23.73
2025-2-14 3:00,-999,23.55
2025-2-14 4:00,-999,23.43
2025-2-14 5:00,-999,23.53
2025-2-14 6:00,-999,24.3
2025-2-14 7:00,-999,25.24
2025-2-14 8:00,-999,26.42
2025-2-14 9:00,-999,27.54
2025-2-14 10:00,-999,28.38
2025-2-14 11:00,-999,28.94
2025-2-14 12:00,-999,29.24
2025-2-14 13:00,-999,29.26
2025-2-14 14:00,-999,28.95
2025-2-14 15:00,-999,28.48
2025-2-14 16:00,-999,27.72
2025-2-14 17:00,-999,26.76
2025-2-14 18:00,-999,25.71
2025-2-14 19:00,-999,25.29
2025-2-14 20:00,-999,25.18
2025-2-14 21:00,-999,25.13
2025-2-14 22:00,-999,25.08
2025-2-14 23:00,-999,25.01
2025-2-15 0:00,-999,24.93
2025-2-15 1:00,-999,24.8
2025-2-15 2:00,-999,24.69
2025-2-15 3:00,-999,24.64
2025-2-15 4:00,-999,24.56
2025-2-15 5:00,-999,24.56
2025-2-15 6:00,-999,25.07
2025-2-15 7:00,-999,25.48
2025-2-15 8:00,-999,25.9
2025-2-15 9:00,-999,26.45
2025-2-15 10:00,-999,27.15
2025-2-15 11:00,-999,27.9
2025-2-15 12:00,-999,28.32
2025-2-15 13:00,-999,28.53
2025-2-15 14:00,-999,28.48
2025-2-15 15:00,-999,28.29
2025-2-15 16:00,-999,27.88
2025-2-15 17:00,-999,27.08
2025-2-15 18:00,-999,25.94
2025-2-15 19:00,-999,25.52
2025-2-15 20:00,-999,25.41
2025-2-15 21:00,-999,25.38
2025-2-15 22:00,-999,25.25
2025-2-15 23:00,-999,25.01
2025-2-16 0:00,-999,24.57
2025-2-16 1:00,-999,23.97
2025-2-16 2:00,-999,23.21
2025-2-16 3:00,-999,22.52
2025-2-16 4:00,-999,22.04
2025-2-16 5:00,-999,22.01
2025-2-16 6:00,-999,23.61
2025-2-16 7:00,-999,25.52
2025-2-16 8:00,-999,27.16
2025-2-16 9:00,-999,28.68
2025-2-16 10:00,-999,29.93
2025-2-16 11:00,-999,30.97
2025-2-16 12:00,-999,31.76
2025-2-16 13:00,-999,32.15
2025-2-16 14:00,-999,32.01
2025-2-16 15:00,-999,31.33
2025-2-16 16:00,-999,30.1
2025-2-16 17:00,-999,28.21
2025-2-16 18:00,-999,25.98
2025-2-16 19:00,-999,25.24
2025-2-16 20:00,-999,24.79
2025-2-16 21:00,-999,24.24
2025-2-16 22:00,-999,23.64
2025-2-16 23:00,-999,23.06
2025-2-17 0:00,-999,22.64
2025-2-17 1:00,-999,22.31
2025-2-17 2:00,-999,22.07
2025-2-17 3:00,-999,21.9
2025-2-17 4:00,-999,21.71
2025-2-17 5:00,-999,21.66
2025-2-17 6:00,-999,22.71
2025-2-17 7:00,-999,23.9
2025-2-17 8:00,-999,25.2
2025-2-17 9:00,-999,26.25
2025-2-17 10:00,-999,26.97
2025-2-17 11:00,-999,27.36
2025-2-17 12:00,-999,27.54
2025-2-17 13:00,-999,27.81
2025-2-17 14:00,-999,27.67
2025-2-17 15:00,-999,27.18
2025-2-17 16:00,-999,26.43
2025-2-17 17:00,-999,25.44
2025-2-17 18:00,-999,24.32
2025-2-17 19:00,-999,23.88
2025-2-17 20:00,-999,23.6
2025-2-17 21:00,-999,23.32
2025-2-17 22:00,-999,23.12
2025-2-17 23:00,-999,22.93
2025-2-18 0:00,-999,22.73
2025-2-18 1:00,-999,22.49
2025-2-18 2:00,-999,22.24
2025-2-18 3:00,-999,22.05
2025-2-18 4:00,-999,21.9
2025-2-18 5:00,-999,21.98
2025-2-18 6:00,-999,23.42
2025-2-18 7:00,-999,24.69
2025-2-18 8:00,-999,25.66
2025-2-18 9:00,-999,26.55
2025-2-18 10:00,-999,27.37
2025-2-18 11:00,-999,27.79
2025-2-18 12:00,-999,28.34
2025-2-18 13:00,-999,28.8
2025-2-18 14:00,-999,28.56
2025-2-18 15:00,-999,27.9
2025-2-18 16:00,-999,26.92
2025-2-18 17:00,-999,25.72
2025-2-18 18:00,-999,24.55
2025-2-18 19:00,-999,24.04
2025-2-18 20:00,-999,23.77
2025-2-18 21:00,-999,23.69
2025-2-18 22:00,-999,23.56
2025-2-18 23:00,-999,23.42
2025-2-19 0:00,-999,23.29
2025-2-19 1:00,-999,23.13
2025-2-19 2:00,-999,22.92
2025-2-19 3:00,-999,22.75
2025-2-19 4:00,-999,22.66
2025-2-19 5:00,-999,22.72
2025-2-19 6:00,-999,23.56
2025-2-19 7:00,-999,24.47
2025-2-19 8:00,-999,25.33
2025-2-19 9:00,-999,26.24
2025-2-19 10:00,-999,27.18
2025-2-19 11:00,-999,27.77
2025-2-19 12:00,-999,27.97
2025-2-19 13:00,-999,27.61
2025-2-19 14:00,-999,27.19
2025-2-19 15:00,-999,26.59
2025-2-19 16:00,-999,25.83
2025-2-19 17:00,-999,24.97
2025-2-19 18:00,-999,24.24
2025-2-19 19:00,-999,23.93
2025-2-19 20:00,-999,23.71
2025-2-19 21:00,-999,23.45
2025-2-19 22:00,-999,23.24
2025-2-19 23:00,-999,23.01
2025-2-20 0:00,-999,22.79
2025-2-20 1:00,-999,22.59
2025-2-20 2:00,-999,22.38
2025-2-20 3:00,-999,22.21
2025-2-20 4:00,-999,22.02
2025-2-20 5:00,-999,22.07
2025-2-20 6:00,-999,23.62
2025-2-20 7:00,-999,24.96
2025-2-20 8:00,-999,26.08
2025-2-20 9:00,-999,27.06
2025-2-20 10:00,-999,27.81
2025-2-20 11:00,-999,28.25
2025-2-20 12:00,-999,28.42
2025-2-20 13:00,-999,28.29
2025-2-20 14:00,-999,27.89
2025-2-20 15:00,-999,27.43
2025-2-20 16:00,-999,26.7
2025-2-20 17:00,-999,25.71
2025-2-20 18:00,-999,24.54
2025-2-20 19:00,-999,23.98
2025-2-20 20:00,-999,23.66
2025-2-20 21:00,-999,23.37
2025-2-20 22:00,-999,23.15
2025-2-20 23:00,-999,23.12
2025-2-21 0:00,-999,23.11
2025-2-21 1:00,-999,23
2025-2-21 2:00,-999,22.87
2025-2-21 3:00,-999,22.74
2025-2-21 4:00,-999,22.61
2025-2-21 5:00,-999,22.69
2025-2-21 6:00,-999,23.96
2025-2-21 7:00,-999,25.01
2025-2-21 8:00,-999,25.95
2025-2-21 9:00,-999,26.68
2025-2-21 10:00,-999,27.28
2025-2-21 11:00,-999,27.62
2025-2-21 12:00,-999,27.71
2025-2-21 13:00,-999,27.65
2025-2-21 14:00,-999,27.4
2025-2-21 15:00,-999,26.9
2025-2-21 16:00,-999,26.16
2025-2-21 17:00,-999,25.31
2025-2-21 18:00,-999,24.51
2025-2-21 19:00,-999,24.2
2025-2-21 20:00,-999,23.96
2025-2-21 21:00,-999,23.69
2025-2-21 22:00,-999,23.47
2025-2-21 23:00,-999,23.28
2025-2-22 0:00,-999,23.02
2025-2-22 1:00,-999,22.87
2025-2-22 2:00,-999,22.75
2025-2-22 3:00,-999,22.59
2025-2-22 4:00,-999,22.48
2025-2-22 5:00,-999,22.59
2025-2-22 6:00,-999,23.91
2025-2-22 7:00,-999,25.1
2025-2-22 8:00,-999,26.28
2025-2-22 9:00,-999,27.23
2025-2-22 10:00,-999,28.01
2025-2-22 11:00,-999,28.5
2025-2-22 12:00,-999,28.76
2025-2-22 13:00,-999,28.66
2025-2-22 14:00,-999,28.18
2025-2-22 15:00,-999,27.52
2025-2-22 16:00,-999,26.67
2025-2-22 17:00,-999,25.65
2025-2-22 18:00,-999,24.47
2025-2-22 19:00,-999,23.85
2025-2-22 20:00,-999,23.52
2025-2-22 21:00,-999,23.34
2025-2-22 22:00,-999,23.12
2025-2-22 23:00,-999,22.89
2025-2-23 0:00,-999,22.67
2025-2-23 1:00,-999,22.38
2025-2-23 2:00,-999,22.07
2025-2-23 3:00,-999,21.83
2025-2-23 4:00,-999,21.61
2025-2-23 5:00,-999,21.58
2025-2-23 6:00,-999,22.84
2025-2-23 7:00,-999,24.28
2025-2-23 8:00,-999,25.67
2025-2-23 9:00,-999,26.7
2025-2-23 10:00,-999,27.61
2025-2-23 11:00,-999,28.27
2025-2-23 12:00,-999,28.63
2025-2-23 13:00,-999,28.72
2025-2-23 14:00,-999,28.5
2025-2-23 15:00,-999,27.98
2025-2-23 16:00,-999,27.19
2025-2-23 17:00,-999,26.15
2025-2-23 18:00,-999,24.97
2025-2-23 19:00,-999,24.39
2025-2-23 20:00,-999,24.03
2025-2-23 21:00,-999,23.77
2025-2-23 22:00,-999,23.55
2025-2-23 23:00,-999,23.33
2025-2-24 0:00,-999,23.2
2025-2-24 1:00,-999,23.09
2025-2-24 2:00,-999,23.02
2025-2-24 3:00,-999,22.98
2025-2-24 4:00,-999,22.98
2025-2-24 5:00,-999,23.09
2025-2-24 6:00,-999,24.14
2025-2-24 7:00,-999,25.14
2025-2-24 8:00,-999,26.3
2025-2-24 9:00,-999,27.49
2025-2-24 10:00,-999,28.4
2025-2-24 11:00,-999,28.97
2025-2-24 12:00,-999,29.26
2025-2-24 13:00,-999,29.29
2025-2-24 14:00,-999,28.99
2025-2-24 15:00,-999,28.49
2025-2-24 16:00,-999,27.76
2025-2-24 17:00,-999,26.68
2025-2-24 18:00,-999,25.43
2025-2-24 19:00,-999,24.83
2025-2-24 20:00,-999,24.47
2025-2-24 21:00,-999,24.19
2025-2-24 22:00,-999,24.05
2025-2-24 23:00,-999,23.93
2025-2-25 0:00,-999,23.7
2025-2-25 1:00,-999,23.59
2025-2-25 2:00,-999,23.48
2025-2-25 3:00,-999,23.37
2025-2-25 4:00,-999,23.24
2025-2-25 5:00,-999,23.2
2025-2-25 6:00,-999,24.56
2025-2-25 7:00,-999,25.83
2025-2-25 8:00,-999,26.92
2025-2-25 9:00,-999,27.97
2025-2-25 10:00,-999,28.79
2025-2-25 11:00,-999,29.27
2025-2-25 12:00,-999,29.55
2025-2-25 13:00,-999,29.4
2025-2-25 14:00,-999,29.01
2025-2-25 15:00,-999,28.36
2025-2-25 16:00,-999,27.32
2025-2-25 17:00,-999,26.1
2025-2-25 18:00,-999,24.95
2025-2-25 19:00,-999,24.52
2025-2-25 20:00,-999,24.32
2025-2-25 21:00,-999,24.12
2025-2-25 22:00,-999,23.98
2025-2-25 23:00,-999,23.93
2025-2-26 0:00,-999,23.87
2025-2-26 1:00,-999,23.69
2025-2-26 2:00,-999,23.46
2025-2-26 3:00,-999,23.26
2025-2-26 4:00,-999,23.1
2025-2-26 5:00,-999,23.13
2025-2-26 6:00,-999,23.99
2025-2-26 7:00,-999,25.1
2025-2-26 8:00,-999,26.48
2025-2-26 9:00,-999,27.57
2025-2-26 10:00,-999,28.31
2025-2-26 11:00,-999,28.88
2025-2-26 12:00,-999,29.13
2025-2-26 13:00,-999,29.06
2025-2-26 14:00,-999,28.7
2025-2-26 15:00,-999,28.08
2025-2-26 16:00,-999,27.2
2025-2-26 17:00,-999,26.09
2025-2-26 18:00,-999,24.88
2025-2-26 19:00,-999,24.26
2025-2-26 20:00,-999,23.89
2025-2-26 21:00,-999,23.57
2025-2-26 22:00,-999,23.27
2025-2-26 23:00,-999,22.98
2025-2-27 0:00,-999,22.73
2025-2-27 1:00,-999,22.45
2025-2-27 2:00,-999,22.21
2025-2-27 3:00,-999,22.11
2025-2-27 4:00,-999,22.19
2025-2-27 5:00,-999,22.45
2025-2-27 6:00,-999,23.76
2025-2-27 7:00,-999,25.04
2025-2-27 8:00,-999,26.13
2025-2-27 9:00,-999,27.07
2025-2-27 10:00,-999,27.81
2025-2-27 11:00,-999,28.38
2025-2-27 12:00,-999,28.72
2025-2-27 13:00,-999,28.76
2025-2-27 14:00,-999,28.47
2025-2-27 15:00,-999,27.96
2025-2-27 16:00,-999,27.15
2025-2-27 17:00,-999,25.98
2025-2-27 18:00,-999,24.74
2025-2-27 19:00,-999,24.17
2025-2-27 20:00,-999,23.81
2025-2-27 21:00,-999,23.55
2025-2-27 22:00,-999,23.45
2025-2-27 23:00,-999,23.33
2025-2-28 0:00,-999,23.2
2025-2-28 1:00,-999,23.05
2025-2-28 2:00,-999,22.91
2025-2-28 3:00,-999,22.78
2025-2-28 4:00,-999,22.64
2025-2-28 5:00,-999,22.6
2025-2-28 6:00,-999,24.07
2025-2-28 7:00,-999,25.41
2025-2-28 8:00,-999,26.42
2025-2-28 9:00,-999,27.37
2025-2-28 10:00,-999,28.14
2025-2-28 11:00,-999,28.65
2025-2-28 12:00,-999,28.88
2025-2-28 13:00,-999,28.82
2025-2-28 14:00,-999,28.54
2025-2-28 15:00,-999,27.97
2025-2-28 16:00,-999,27.13
2025-2-28 17:00,-999,26.04
2025-2-28 18:00,-999,24.79
2025-2-28 19:00,-999,24.23
2025-2-28 20:00,-999,23.87
2025-2-28 21:00,-999,23.58
2025-2-28 22:00,-999,23.37
2025-2-28 23:00,-999,23.37
2025-3-1 0:00,-999,23.34
2025-3-1 1:00,-999,23.3
2025-3-1 2:00,-999,23.24
2025-3-1 3:00,-999,23.13
2025-3-1 4:00,-999,22.97
2025-3-1 5:00,-999,22.9
2025-3-1 6:00,-999,24.42
2025-3-1 7:00,-999,25.84
2025-3-1 8:00,-999,26.95
2025-3-1 9:00,-999,27.93
2025-3-1 10:00,-999,28.69
2025-3-1 11:00,-999,29.25
2025-3-1 12:00,-999,29.52
2025-3-1 13:00,-999,29.41
2025-3-1 14:00,-999,28.93
2025-3-1 15:00,-999,28.22
2025-3-1 16:00,-999,27.29
2025-3-1 17:00,-999,26.13
2025-3-1 18:00,-999,25.07
2025-3-1 19:00,-999,24.59
2025-3-1 20:00,-999,24.2
2025-3-1 21:00,-999,24.11
2025-3-1 22:00,-999,24.03
2025-3-1 23:00,-999,23.93
2025-3-2 0:00,-999,23.75
2025-3-2 1:00,-999,23.49
2025-3-2 2:00,-999,23.2
2025-3-2 3:00,-999,22.91
2025-3-2 4:00,-999,22.72
2025-3-2 5:00,-999,22.76
2025-3-2 6:00,-999,24.13
2025-3-2 7:00,-999,25.61
2025-3-2 8:00,-999,26.78
2025-3-2 9:00,-999,27.78
2025-3-2 10:00,-999,28.45
2025-3-2 11:00,-999,28.8
2025-3-2 12:00,-999,29.15
2025-3-2 13:00,-999,29.21
2025-3-2 14:00,-999,29.1
2025-3-2 15:00,-999,28.72
2025-3-2 16:00,-999,27.93
2025-3-2 17:00,-999,26.77
2025-3-2 18:00,-999,25.63
2025-3-2 19:00,-999,25.1
2025-3-2 20:00,-999,24.8
2025-3-2 21:00,-999,24.56
2025-3-2 22:00,-999,24.38
2025-3-2 23:00,-999,24.16
2025-3-3 0:00,-999,23.92
2025-3-3 1:00,-999,23.75
2025-3-3 2:00,-999,23.58
2025-3-3 3:00,-999,23.41
2025-3-3 4:00,-999,23.27
2025-3-3 5:00,-999,23.23
2025-3-3 6:00,-999,23.99
2025-3-3 7:00,-999,25.17
2025-3-3 8:00,-999,26.51
2025-3-3 9:00,-999,27.51
2025-3-3 10:00,-999,28.25
2025-3-3 11:00,-999,28.85
2025-3-3 12:00,-999,29.23
2025-3-3 13:00,-999,29.39
2025-3-3 14:00,-999,29.05
2025-3-3 15:00,-999,28.3
2025-3-3 16:00,-999,27.47
2025-3-3 17:00,-999,26.42
2025-3-3 18:00,-999,25.3
2025-3-3 19:00,-999,24.66
2025-3-3 20:00,-999,24.29
2025-3-3 21:00,-999,24.03
2025-3-3 22:00,-999,23.81
2025-3-3 23:00,-999,23.55
2025-3-4 0:00,-999,23.24
2025-3-4 1:00,-999,22.99
2025-3-4 2:00,-999,22.82
2025-3-4 3:00,-999,22.65
2025-3-4 4:00,-999,22.44
2025-3-4 5:00,-999,22.28
2025-3-4 6:00,-999,23.06
2025-3-4 7:00,-999,24.3
2025-3-4 8:00,-999,25.81
2025-3-4 9:00,-999,27.36
2025-3-4 10:00,-999,28.51
2025-3-4 11:00,-999,29.31
2025-3-4 12:00,-999,29.66
2025-3-4 13:00,-999,29.71
2025-3-4 14:00,-999,29.53
2025-3-4 15:00,-999,29.06
2025-3-4 16:00,-999,28.2
2025-3-4 17:00,-999,26.96
2025-3-4 18:00,-999,25.74
2025-3-4 19:00,-999,25.06
2025-3-4 20:00,-999,24.51
2025-3-4 21:00,-999,23.96
2025-3-4 22:00,-999,23.53
2025-3-4 23:00,-999,23.22
2025-3-5 0:00,-999,23.06
2025-3-5 1:00,-999,23.03
2025-3-5 2:00,-999,23.11
2025-3-5 3:00,-999,23.08
2025-3-5 4:00,-999,22.98
2025-3-5 5:00,-999,23
2025-3-5 6:00,-999,23.33
2025-3-5 7:00,-999,23.66
2025-3-5 8:00,-999,24.19
2025-3-5 9:00,-999,24.97
2025-3-5 10:00,-999,25.81
2025-3-5 11:00,-999,26.99
2025-3-5 12:00,-999,28.2
2025-3-5 13:00,-999,28.59
2025-3-5 14:00,-999,28.47
2025-3-5 15:00,-999,28.02
2025-3-5 16:00,-999,27.1
2025-3-5 17:00,-999,25.8
2025-3-5 18:00,-999,24.63
2025-3-5 19:00,-999,24.14
2025-3-5 20:00,-999,23.95
2025-3-5 21:00,-999,23.87
2025-3-5 22:00,-999,23.88
2025-3-5 23:00,-999,23.92
2025-3-6 0:00,-999,23.95
2025-3-6 1:00,-999,24.02
2025-3-6 2:00,-999,24.12
2025-3-6 3:00,-999,24.18
2025-3-6 4:00,-999,24.15
2025-3-6 5:00,-999,24.02
2025-3-6 6:00,-999,24.24
2025-3-6 7:00,-999,24.87
2025-3-6 8:00,-999,25.78
2025-3-6 9:00,-999,26.79
2025-3-6 10:00,-999,27.49
2025-3-6 11:00,-999,27.91
2025-3-6 12:00,-999,27.87
2025-3-6 13:00,-999,27.47
2025-3-6 14:00,-999,26.74
2025-3-6 15:00,-999,25.81
2025-3-6 16:00,-999,24.95
2025-3-6 17:00,-999,24.12
2025-3-6 18:00,-999,23.53
2025-3-6 19:00,-999,23.32
2025-3-6 20:00,-999,23.18
2025-3-6 21:00,-999,23.07
2025-3-6 22:00,-999,23.02
2025-3-6 23:00,-999,22.94
2025-3-7 0:00,-999,22.86
2025-3-7 1:00,-999,22.89
2025-3-7 2:00,-999,23.02
2025-3-7 3:00,-999,23.18
2025-3-7 4:00,-999,23.28
2025-3-7 5:00,-999,23.34
2025-3-7 6:00,-999,23.63
2025-3-7 7:00,-999,24.27
2025-3-7 8:00,-999,25.19
2025-3-7 9:00,-999,26.18
2025-3-7 10:00,-999,27.08
2025-3-7 11:00,-999,27.82
2025-3-7 12:00,-999,28.15
2025-3-7 13:00,-999,28.29
2025-3-7 14:00,-999,28.11
2025-3-7 15:00,-999,27.58
2025-3-7 16:00,-999,26.9
2025-3-7 17:00,-999,26.17
2025-3-7 18:00,-999,25.6
2025-3-7 19:00,-999,25.33
2025-3-7 20:00,-999,25.19
2025-3-7 21:00,-999,25.07
2025-3-7 22:00,-999,24.98
2025-3-7 23:00,-999,24.85
2025-3-8 0:00,-999,24.7
2025-3-8 1:00,-999,24.65
2025-3-8 2:00,-999,24.64
2025-3-8 3:00,-999,24.64
2025-3-8 4:00,-999,24.64
2025-3-8 5:00,-999,24.72
2025-3-8 6:00,-999,25.3
2025-3-8 7:00,-999,25.91
2025-3-8 8:00,-999,26.39
2025-3-8 9:00,-999,26.64
2025-3-8 10:00,-999,26.69
2025-3-8 11:00,-999,26.46
2025-3-8 12:00,-999,26.28
2025-3-8 13:00,-999,26.17
2025-3-8 14:00,-999,26.04
2025-3-8 15:00,-999,25.81
2025-3-8 16:00,-999,25.51
2025-3-8 17:00,-999,25.2
2025-3-8 18:00,-999,24.96
2025-3-8 19:00,-999,24.88
2025-3-8 20:00,-999,24.84
2025-3-8 21:00,-999,24.77
2025-3-8 22:00,-999,24.62
2025-3-8 23:00,-999,24.43
2025-3-9 0:00,-999,24.18
2025-3-9 1:00,-999,23.89
2025-3-9 2:00,-999,23.6
2025-3-9 3:00,-999,23.48
2025-3-9 4:00,-999,23.47
2025-3-9 5:00,-999,23.53
2025-3-9 6:00,-999,23.72
2025-3-9 7:00,-999,23.95
2025-3-9 8:00,-999,24.19
2025-3-9 9:00,-999,24.56
2025-3-9 10:00,-999,24.79
2025-3-9 11:00,-999,24.89
2025-3-9 12:00,-999,24.93
2025-3-9 13:00,-999,24.93
2025-3-9 14:00,-999,24.83
2025-3-9 15:00,-999,24.58
2025-3-9 16:00,-999,24.31
2025-3-9 17:00,-999,24.05
2025-3-9 18:00,-999,23.9
2025-3-9 19:00,-999,23.92
2025-3-9 20:00,-999,23.92
2025-3-9 21:00,-999,23.87
2025-3-9 22:00,-999,23.83
2025-3-9 23:00,-999,23.75
2025-3-10 0:00,-999,23.64
2025-3-10 1:00,-999,23.59
2025-3-10 2:00,-999,23.58
2025-3-10 3:00,-999,23.56
2025-3-10 4:00,-999,23.53
2025-3-10 5:00,-999,23.51
2025-3-10 6:00,-999,23.74
2025-3-10 7:00,-999,24.15
2025-3-10 8:00,-999,24.54
2025-3-10 9:00,-999,24.88
2025-3-10 10:00,-999,25.13
2025-3-10 11:00,-999,25.27
2025-3-10 12:00,-999,25.3
2025-3-10 13:00,-999,25.15
2025-3-10 14:00,-999,24.84
2025-3-10 15:00,-999,24.44
2025-3-10 16:00,-999,24.02
2025-3-10 17:00,-999,23.57
2025-3-10 18:00,-999,23.22
2025-3-10 19:00,-999,23.13
2025-3-10 20:00,-999,23.11
2025-3-10 21:00,-999,23.07
2025-3-10 22:00,-999,23.05
2025-3-10 23:00,-999,23.02
2025-3-11 0:00,-999,23
2025-3-11 1:00,-999,22.96
2025-3-11 2:00,-999,22.91
2025-3-11 3:00,-999,22.84
2025-3-11 4:00,-999,22.78
2025-3-11 5:00,-999,22.76
2025-3-11 6:00,-999,23.44
2025-3-11 7:00,-999,24.18
2025-3-11 8:00,-999,24.83
2025-3-11 9:00,-999,25.43
2025-3-11 10:00,-999,25.88
2025-3-11 11:00,-999,26.18
2025-3-11 12:00,-999,26.31
2025-3-11 13:00,-999,26.28
2025-3-11 14:00,-999,26.05
2025-3-11 15:00,-999,25.69
2025-3-11 16:00,-999,25.15
2025-3-11 17:00,-999,24.42
2025-3-11 18:00,-999,23.7
2025-3-11 19:00,-999,23.46
2025-3-11 20:00,-999,23.25
2025-3-11 21:00,-999,23.05
2025-3-11 22:00,-999,22.92
2025-3-11 23:00,-999,22.85
2025-3-12 0:00,-999,22.73
2025-3-12 1:00,-999,22.61
2025-3-12 2:00,-999,22.49
2025-3-12 3:00,-999,22.38
2025-3-12 4:00,-999,22.3
2025-3-12 5:00,-999,22.28
2025-3-12 6:00,-999,23.11
2025-3-12 7:00,-999,23.95
2025-3-12 8:00,-999,24.69
2025-3-12 9:00,-999,25.28
2025-3-12 10:00,-999,25.69
2025-3-12 11:00,-999,26.03
2025-3-12 12:00,-999,26.23
2025-3-12 13:00,-999,26.25
2025-3-12 14:00,-999,26.09
2025-3-12 15:00,-999,25.77
2025-3-12 16:00,-999,25.16
2025-3-12 17:00,-999,24.31
2025-3-12 18:00,-999,23.31
2025-3-12 19:00,-999,22.98
2025-3-12 20:00,-999,22.75
2025-3-12 21:00,-999,22.53
2025-3-12 22:00,-999,22.37
2025-3-12 23:00,-999,22.27
2025-3-13 0:00,-999,22.17
2025-3-13 1:00,-999,22.02
2025-3-13 2:00,-999,21.88
2025-3-13 3:00,-999,21.77
2025-3-13 4:00,-999,21.7
2025-3-13 5:00,-999,21.66
2025-3-13 6:00,-999,22.58
2025-3-13 7:00,-999,23.57
2025-3-13 8:00,-999,24.46
2025-3-13 9:00,-999,25.17
2025-3-13 10:00,-999,25.69
2025-3-13 11:00,-999,26.02
2025-3-13 12:00,-999,26.15
2025-3-13 13:00,-999,26.06
2025-3-13 14:00,-999,25.87
2025-3-13 15:00,-999,25.64
2025-3-13 16:00,-999,25.17
2025-3-13 17:00,-999,24.24
2025-3-13 18:00,-999,23.1
2025-3-13 19:00,-999,22.68
2025-3-13 20:00,-999,22.37
2025-3-13 21:00,-999,22.12
2025-3-13 22:00,-999,21.9
2025-3-13 23:00,-999,21.69
2025-3-14 0:00,-999,21.53
2025-3-14 1:00,-999,21.42
2025-3-14 2:00,-999,21.34
2025-3-14 3:00,-999,21.26
2025-3-14 4:00,-999,21.23
2025-3-14 5:00,-999,21.36
2025-3-14 6:00,-999,22.53
2025-3-14 7:00,-999,23.69
2025-3-14 8:00,-999,24.59
2025-3-14 9:00,-999,25.21
2025-3-14 10:00,-999,25.62
2025-3-14 11:00,-999,25.93
2025-3-14 12:00,-999,26.09
2025-3-14 13:00,-999,26.13
2025-3-14 14:00,-999,26.04
2025-3-14 15:00,-999,25.74
2025-3-14 16:00,-999,25.25
2025-3-14 17:00,-999,24.33
2025-3-14 18:00,-999,23.22
2025-3-14 19:00,-999,22.81
2025-3-14 20:00,-999,22.52
2025-3-14 21:00,-999,22.28
2025-3-14 22:00,-999,22.05
2025-3-14 23:00,-999,21.89
2025-3-15 0:00,-999,21.78
2025-3-15 1:00,-999,21.62
2025-3-15 2:00,-999,21.61
2025-3-15 3:00,-999,21.64
2025-3-15 4:00,-999,21.66
2025-3-15 5:00,-999,21.69
2025-3-15 6:00,-999,22.7
2025-3-15 7:00,-999,23.93
2025-3-15 8:00,-999,24.89
2025-3-15 9:00,-999,25.54
2025-3-15 10:00,-999,25.94
2025-3-15 11:00,-999,26.21
2025-3-15 12:00,-999,26.37
2025-3-15 13:00,-999,26.38
2025-3-15 14:00,-999,26.2
2025-3-15 15:00,-999,25.84
2025-3-15 16:00,-999,25.27
2025-3-15 17:00,-999,24.34
2025-3-15 18:00,-999,23.27
2025-3-15 19:00,-999,22.79
2025-3-15 20:00,-999,22.49
2025-3-15 21:00,-999,22.23
2025-3-15 22:00,-999,22.06
2025-3-15 23:00,-999,21.99
2025-3-16 0:00,-999,21.93
2025-3-16 1:00,-999,21.82
2025-3-16 2:00,-999,21.71
2025-3-16 3:00,-999,21.71
2025-3-16 4:00,-999,21.69
2025-3-16 5:00,-999,21.68
2025-3-16 6:00,-999,22.36
2025-3-16 7:00,-999,23.59
2025-3-16 8:00,-999,24.61
2025-3-16 9:00,-999,25.26
2025-3-16 10:00,-999,25.9
2025-3-16 11:00,-999,26.43
2025-3-16 12:00,-999,26.78
2025-3-16 13:00,-999,26.9
2025-3-16 14:00,-999,26.77
2025-3-16 15:00,-999,26.37
2025-3-16 16:00,-999,25.67
2025-3-16 17:00,-999,24.5
2025-3-16 18:00,-999,23.32
2025-3-16 19:00,-999,22.93
2025-3-16 20:00,-999,22.67
2025-3-16 21:00,-999,22.42
2025-3-16 22:00,-999,22.2
2025-3-16 23:00,-999,22
2025-3-17 0:00,-999,21.78
2025-3-17 1:00,-999,21.58
2025-3-17 2:00,-999,21.36
2025-3-17 3:00,-999,21.09
2025-3-17 4:00,-999,20.85
2025-3-17 5:00,-999,20.66
2025-3-17 6:00,-999,21.71
2025-3-17 7:00,-999,23.04
2025-3-17 8:00,-999,24.36
2025-3-17 9:00,-999,25.6
2025-3-17 10:00,-999,26.78
2025-3-17 11:00,-999,27.92
2025-3-17 12:00,-999,28.74
2025-3-17 13:00,-999,29.06
2025-3-17 14:00,-999,28.5
2025-3-17 15:00,-999,27.04
2025-3-17 16:00,-999,25.25
2025-3-17 17:00,-999,23.75
2025-3-17 18:00,-999,22.82
2025-3-17 19:00,-999,22.4
2025-3-17 20:00,-999,22.13
2025-3-17 21:00,-999,21.94
2025-3-17 22:00,-999,21.79
2025-3-17 23:00,-999,21.6
2025-3-18 0:00,-999,21.44
2025-3-18 1:00,-999,21.27
2025-3-18 2:00,-999,21.02
2025-3-18 3:00,-999,20.8
2025-3-18 4:00,-999,20.61
2025-3-18 5:00,-999,20.47
2025-3-18 6:00,-999,21.2
2025-3-18 7:00,-999,22.29
2025-3-18 8:00,-999,23.31
2025-3-18 9:00,-999,24.09
2025-3-18 10:00,-999,24.62
2025-3-18 11:00,-999,24.87
2025-3-18 12:00,-999,24.86
2025-3-18 13:00,-999,24.71
2025-3-18 14:00,-999,24.34
2025-3-18 15:00,-999,23.91
2025-3-18 16:00,-999,23.41
2025-3-18 17:00,-999,22.67
2025-3-18 18:00,-999,22.13
2025-3-18 19:00,-999,21.9
2025-3-18 20:00,-999,21.75
2025-3-18 21:00,-999,21.6
2025-3-18 22:00,-999,21.46
2025-3-18 23:00,-999,21.36
2025-3-19 0:00,-999,21.25
2025-3-19 1:00,-999,21.12
2025-3-19 2:00,-999,20.98
2025-3-19 3:00,-999,20.93
2025-3-19 4:00,-999,20.95
2025-3-19 5:00,-999,20.98
2025-3-19 6:00,-999,21.49
2025-3-19 7:00,-999,22.43
2025-3-19 8:00,-999,23.39
2025-3-19 9:00,-999,24.24
2025-3-19 10:00,-999,24.82
2025-3-19 11:00,-999,25.09
2025-3-19 12:00,-999,25.14
2025-3-19 13:00,-999,25.02
2025-3-19 14:00,-999,24.87
2025-3-19 15:00,-999,24.66
2025-3-19 16:00,-999,24.35
2025-3-19 17:00,-999,23.49
2025-3-19 18:00,-999,22.74
2025-3-19 19:00,-999,22.55
2025-3-19 20:00,-999,22.4
2025-3-19 21:00,-999,22.32
2025-3-19 22:00,-999,22.27
2025-3-19 23:00,-999,22.31
2025-3-20 0:00,-999,22.31
2025-3-20 1:00,-999,22.27
2025-3-20 2:00,-999,22.22
2025-3-20 3:00,-999,22.2
2025-3-20 4:00,-999,22.14
2025-3-20 5:00,-999,22.08
2025-3-20 6:00,-999,22.73
2025-3-20 7:00,-999,23.53
2025-3-20 8:00,-999,24.22
2025-3-20 9:00,-999,24.95
2025-3-20 10:00,-999,25.5
2025-3-20 11:00,-999,25.7
2025-3-20 12:00,-999,25.79
2025-3-20 13:00,-999,25.79
2025-3-20 14:00,-999,25.73
2025-3-20 15:00,-999,25.53
2025-3-20 16:00,-999,25.08
2025-3-20 17:00,-999,24.37
2025-3-20 18:00,-999,23.67
2025-3-20 19:00,-999,23.48
2025-3-20 20:00,-999,23.37
2025-3-20 21:00,-999,23.24
2025-3-20 22:00,-999,23.14
2025-3-20 23:00,-999,23.01
2025-3-21 0:00,-999,22.84
2025-3-21 1:00,-999,22.69
2025-3-21 2:00,-999,22.55
2025-3-21 3:00,-999,22.43
2025-3-21 4:00,-999,22.34
2025-3-21 5:00,-999,22.26
2025-3-21 6:00,-999,23.03
2025-3-21 7:00,-999,24.08
2025-3-21 8:00,-999,25.12
2025-3-21 9:00,-999,26.01
2025-3-21 10:00,-999,26.64
2025-3-21 11:00,-999,27.03
2025-3-21 12:00,-999,27.28
2025-3-21 13:00,-999,27.35
2025-3-21 14:00,-999,27.08
2025-3-21 15:00,-999,26.71
2025-3-21 16:00,-999,26.2
2025-3-21 17:00,-999,25.14
2025-3-21 18:00,-999,24.25
2025-3-21 19:00,-999,23.87
2025-3-21 20:00,-999,23.63
2025-3-21 21:00,-999,23.47
2025-3-21 22:00,-999,23.35
2025-3-21 23:00,-999,23.25
2025-3-22 0:00,-999,23.18
2025-3-22 1:00,-999,23.17
2025-3-22 2:00,-999,23.14
2025-3-22 3:00,-999,23.05
2025-3-22 4:00,-999,22.94
2025-3-22 5:00,-999,22.79
2025-3-22 6:00,-999,23.46
2025-3-22 7:00,-999,24.64
2025-3-22 8:00,-999,25.86
2025-3-22 9:00,-999,26.82
2025-3-22 10:00,-999,27.54
2025-3-22 11:00,-999,28.14
2025-3-22 12:00,-999,28.53
2025-3-22 13:00,-999,28.62
2025-3-22 14:00,-999,28.36
2025-3-22 15:00,-999,27.79
2025-3-22 16:00,-999,26.88
2025-3-22 17:00,-999,25.59
2025-3-22 18:00,-999,24.63
2025-3-22 19:00,-999,24.32
2025-3-22 20:00,-999,24.16
2025-3-22 21:00,-999,24.04
2025-3-22 22:00,-999,23.93
2025-3-22 23:00,-999,23.82
2025-3-23 0:00,-999,23.74
2025-3-23 1:00,-999,23.66
2025-3-23 2:00,-999,23.59
2025-3-23 3:00,-999,23.59
2025-3-23 4:00,-999,23.56
2025-3-23 5:00,-999,23.52
2025-3-23 6:00,-999,23.81
2025-3-23 7:00,-999,24.69
2025-3-23 8:00,-999,25.35
2025-3-23 9:00,-999,25.83
2025-3-23 10:00,-999,26.32
2025-3-23 11:00,-999,26.59
2025-3-23 12:00,-999,26.44
2025-3-23 13:00,-999,26.22
2025-3-23 14:00,-999,26.28
2025-3-23 15:00,-999,26.21
2025-3-23 16:00,-999,25.8
2025-3-23 17:00,-999,25.02
2025-3-23 18:00,-999,24.35
2025-3-23 19:00,-999,24.06
2025-3-23 20:00,-999,23.84
2025-3-23 21:00,-999,23.62
2025-3-23 22:00,-999,23.47
2025-3-23 23:00,-999,23.41
2025-3-24 0:00,-999,23.31
2025-3-24 1:00,-999,23.13
2025-3-24 2:00,-999,22.95
2025-3-24 3:00,-999,22.82
2025-3-24 4:00,-999,22.73
2025-3-24 5:00,-999,22.63
2025-3-24 6:00,-999,23.29
2025-3-24 7:00,-999,24.23
2025-3-24 8:00,-999,24.97
2025-3-24 9:00,-999,25.38
2025-3-24 10:00,-999,25.66
2025-3-24 11:00,-999,25.76
2025-3-24 12:00,-999,25.63
2025-3-24 13:00,-999,25.4
2025-3-24 14:00,-999,25.08
2025-3-24 15:00,-999,24.79
2025-3-24 16:00,-999,24.62
2025-3-24 17:00,-999,23.86
2025-3-24 18:00,-999,23.17
2025-3-24 19:00,-999,23.02
2025-3-24 20:00,-999,22.93
2025-3-24 21:00,-999,22.83
2025-3-24 22:00,-999,22.75
2025-3-24 23:00,-999,22.66
2025-3-25 0:00,-999,22.63
2025-3-25 1:00,-999,22.6
2025-3-25 2:00,-999,22.63
2025-3-25 3:00,-999,22.63
2025-3-25 4:00,-999,22.65
2025-3-25 5:00,-999,22.66
2025-3-25 6:00,-999,23.32
2025-3-25 7:00,-999,24.21
2025-3-25 8:00,-999,24.76
2025-3-25 9:00,-999,25.03
2025-3-25 10:00,-999,25.14
2025-3-25 11:00,-999,25.2
2025-3-25 12:00,-999,25.16
2025-3-25 13:00,-999,25.04
2025-3-25 14:00,-999,24.78
2025-3-25 15:00,-999,24.3
2025-3-25 16:00,-999,23.77
2025-3-25 17:00,-999,23.22
2025-3-25 18:00,-999,22.91
2025-3-25 19:00,-999,22.87
2025-3-25 20:00,-999,22.88
2025-3-25 21:00,-999,22.93
2025-3-25 22:00,-999,22.89
2025-3-25 23:00,-999,22.84
2025-3-26 0:00,-999,22.78
2025-3-26 1:00,-999,22.7
2025-3-26 2:00,-999,22.67
2025-3-26 3:00,-999,22.65
2025-3-26 4:00,-999,22.67
2025-3-26 5:00,-999,22.67
2025-3-26 6:00,-999,22.97
2025-3-26 7:00,-999,23.59
2025-3-26 8:00,-999,24.12
2025-3-26 9:00,-999,24.55
2025-3-26 10:00,-999,24.88
2025-3-26 11:00,-999,25.28
2025-3-26 12:00,-999,25.42
2025-3-26 13:00,-999,25.31
2025-3-26 14:00,-999,25.07
2025-3-26 15:00,-999,24.73
2025-3-26 16:00,-999,24.25
2025-3-26 17:00,-999,23.62
2025-3-26 18:00,-999,23.26
2025-3-26 19:00,-999,23.1
2025-3-26 20:00,-999,22.98
2025-3-26 21:00,-999,22.87
2025-3-26 22:00,-999,22.77
2025-3-26 23:00,-999,22.76
2025-3-27 0:00,-999,22.74
2025-3-27 1:00,-999,22.66
2025-3-27 2:00,-999,22.58
2025-3-27 3:00,-999,22.59
2025-3-27 4:00,-999,22.59
2025-3-27 5:00,-999,22.66
2025-3-27 6:00,-999,22.85
2025-3-27 7:00,-999,23.3
2025-3-27 8:00,-999,23.75
2025-3-27 9:00,-999,24.12
2025-3-27 10:00,-999,24.41
2025-3-27 11:00,-999,24.62
2025-3-27 12:00,-999,24.65
2025-3-27 13:00,-999,24.52
2025-3-27 14:00,-999,24.36
2025-3-27 15:00,-999,24.11
2025-3-27 16:00,-999,23.79
2025-3-27 17:00,-999,23.42
2025-3-27 18:00,-999,23.22
2025-3-27 19:00,-999,23.15
2025-3-27 20:00,-999,23.05
2025-3-27 21:00,-999,22.9
2025-3-27 22:00,-999,22.85
2025-3-27 23:00,-999,22.91
2025-3-28 0:00,-999,22.93
2025-3-28 1:00,-999,22.91
2025-3-28 2:00,-999,22.94
2025-3-28 3:00,-999,22.94
2025-3-28 4:00,-999,22.96
2025-3-28 5:00,-999,22.91
2025-3-28 6:00,-999,23.13
2025-3-28 7:00,-999,23.6
2025-3-28 8:00,-999,23.98
2025-3-28 9:00,-999,24.3
2025-3-28 10:00,-999,24.51
2025-3-28 11:00,-999,24.63
2025-3-28 12:00,-999,24.58
2025-3-28 13:00,-999,24.56
2025-3-28 14:00,-999,24.59
2025-3-28 15:00,-999,24.49
2025-3-28 16:00,-999,24.23
2025-3-28 17:00,-999,23.75
2025-3-28 18:00,-999,23.4
2025-3-28 19:00,-999,23.37
2025-3-28 20:00,-999,23.36
2025-3-28 21:00,-999,23.31
2025-3-28 22:00,-999,23.28
2025-3-28 23:00,-999,23.32
2025-3-29 0:00,-999,23.39
2025-3-29 1:00,-999,23.44
2025-3-29 2:00,-999,23.43
2025-3-29 3:00,-999,23.38
2025-3-29 4:00,-999,23.36
2025-3-29 5:00,-999,23.46
2025-3-29 6:00,-999,23.77
2025-3-29 7:00,-999,24.25
2025-3-29 8:00,-999,24.77
2025-3-29 9:00,-999,25.43
2025-3-29 10:00,-999,26.2
2025-3-29 11:00,-999,26.69
2025-3-29 12:00,-999,26.91
2025-3-29 13:00,-999,26.9
2025-3-29 14:00,-999,26.76
2025-3-29 15:00,-999,26.35
2025-3-29 16:00,-999,25.75
2025-3-29 17:00,-999,24.89
2025-3-29 18:00,-999,24.15
2025-3-29 19:00,-999,23.91
2025-3-29 20:00,-999,23.83
2025-3-29 21:00,-999,23.69
2025-3-29 22:00,-999,23.38
2025-3-29 23:00,-999,23.09
2025-3-30 0:00,-999,22.96
2025-3-30 1:00,-999,22.79
2025-3-30 2:00,-999,22.55
2025-3-30 3:00,-999,22.3
2025-3-30 4:00,-999,22.07
2025-3-30 5:00,-999,21.88
2025-3-30 6:00,-999,22.45
2025-3-30 7:00,-999,23.46
2025-3-30 8:00,-999,25.02
2025-3-30 9:00,-999,26.4
2025-3-30 10:00,-999,27.32
2025-3-30 11:00,-999,27.91
2025-3-30 12:00,-999,28.35
2025-3-30 13:00,-999,28.71
2025-3-30 14:00,-999,28.94
2025-3-30 15:00,-999,29.15
2025-3-30 16:00,-999,29.16
2025-3-30 17:00,-999,27.77
2025-3-30 18:00,-999,26.85
2025-3-30 19:00,-999,26.02
2025-3-30 20:00,-999,25.25
2025-3-30 21:00,-999,24.5
2025-3-30 22:00,-999,24
2025-3-30 23:00,-999,23.74
2025-3-31 0:00,-999,23.44
2025-3-31 1:00,-999,23.02
2025-3-31 2:00,-999,22.57
2025-3-31 3:00,-999,22.1
2025-3-31 4:00,-999,21.71
2025-3-31 5:00,-999,21.43
2025-3-31 6:00,-999,22.07
2025-3-31 7:00,-999,23.52
2025-3-31 8:00,-999,25.3
2025-3-31 9:00,-999,26.53
2025-3-31 10:00,-999,27.16
2025-3-31 11:00,-999,27.41
2025-3-31 12:00,-999,27.38
2025-3-31 13:00,-999,27.2
2025-3-31 14:00,-999,26.66
2025-3-31 15:00,-999,25.95
2025-3-31 16:00,-999,25.07
2025-3-31 17:00,-999,24.29
2025-3-31 18:00,-999,23.81
2025-3-31 19:00,-999,23.57
2025-3-31 20:00,-999,23.36
2025-3-31 21:00,-999,23.2
2025-3-31 22:00,-999,23.04
2025-3-31 23:00,-999,22.93
2025-4-1 0:00,-999,21.95
2025-4-1 1:00,-999,21.83
2025-4-1 2:00,-999,21.73
2025-4-1 3:00,-999,21.63
2025-4-1 4:00,-999,21.5
2025-4-1 5:00,-999,21.37
2025-4-1 6:00,-999,21.41
2025-4-1 7:00,-999,21.95
2025-4-1 8:00,-999,22.51
2025-4-1 9:00,-999,23.15
2025-4-1 10:00,-999,23.84
2025-4-1 11:00,-999,23.95
2025-4-1 12:00,-999,23.73
2025-4-1 13:00,-999,23.33
2025-4-1 14:00,-999,22.92
2025-4-1 15:00,-999,22.49
2025-4-1 16:00,-999,22.1
2025-4-1 17:00,-999,21.76
2025-4-1 18:00,-999,21.59
2025-4-1 19:00,-999,21.59
2025-4-1 20:00,-999,21.64
2025-4-1 21:00,-999,21.75
2025-4-1 22:00,-999,21.89
2025-4-1 23:00,-999,21.96
2025-4-2 0:00,-999,21.97
2025-4-2 1:00,-999,21.77
2025-4-2 2:00,-999,21.67
2025-4-2 3:00,-999,21.69
2025-4-2 4:00,-999,21.67
2025-4-2 5:00,-999,21.68
2025-4-2 6:00,-999,21.77
2025-4-2 7:00,-999,21.99
2025-4-2 8:00,-999,22.26
2025-4-2 9:00,-999,22.47
2025-4-2 10:00,-999,22.54
2025-4-2 11:00,-999,22.6
2025-4-2 12:00,-999,22.77
2025-4-2 13:00,-999,22.92
2025-4-2 14:00,-999,23.01
2025-4-2 15:00,-999,22.93
2025-4-2 16:00,-999,22.7
2025-4-2 17:00,-999,22.63
2025-4-2 18:00,-999,22.71
2025-4-2 19:00,-999,22.85
2025-4-2 20:00,-999,22.92
2025-4-2 21:00,-999,22.67
2025-4-2 22:00,-999,22.32
2025-4-2 23:00,-999,22.13
2025-4-3 0:00,-999,21.98
2025-4-3 1:00,-999,21.82
2025-4-3 2:00,-999,21.61
2025-4-3 3:00,-999,21.35
2025-4-3 4:00,-999,21.11
2025-4-3 5:00,-999,20.91
2025-4-3 6:00,-999,20.74
2025-4-3 7:00,-999,20.76
2025-4-3 8:00,-999,21.34
2025-4-3 9:00,-999,22.49
2025-4-3 10:00,-999,23.45
2025-4-3 11:00,-999,23.87
2025-4-3 12:00,-999,24.25
2025-4-3 13:00,-999,24.58
2025-4-3 14:00,-999,24.96
2025-4-3 15:00,-999,25.14
2025-4-3 16:00,-999,24.65
2025-4-3 17:00,-999,23.9
2025-4-3 18:00,-999,23.38
2025-4-3 19:00,-999,23.15
2025-4-3 20:00,-999,22.99
2025-4-3 21:00,-999,22.76
2025-4-3 22:00,-999,22.51
2025-4-3 23:00,-999,22.3
2025-4-4 0:00,-999,22.21
2025-4-4 1:00,-999,22.12
2025-4-4 2:00,-999,22.02
2025-4-4 3:00,-999,21.86
2025-4-4 4:00,-999,21.65
2025-4-4 5:00,-999,21.47
2025-4-4 6:00,-999,21.41
2025-4-4 7:00,-999,21.52
2025-4-4 8:00,-999,21.91
2025-4-4 9:00,-999,22.46
2025-4-4 10:00,-999,22.98
2025-4-4 11:00,-999,23.45
2025-4-4 12:00,-999,23.8
2025-4-4 13:00,-999,23.8
2025-4-4 14:00,-999,23.68
2025-4-4 15:00,-999,23.32
2025-4-4 16:00,-999,22.99
2025-4-4 17:00,-999,22.57
2025-4-4 18:00,-999,22.17
2025-4-4 19:00,-999,21.89
2025-4-4 20:00,-999,21.66
2025-4-4 21:00,-999,21.51
2025-4-4 22:00,-999,21.36
2025-4-4 23:00,-999,21.21
2025-4-5 0:00,-999,21.12
2025-4-5 1:00,-999,21.01
2025-4-5 2:00,-999,20.85
2025-4-5 3:00,-999,20.69
2025-4-5 4:00,-999,20.54
2025-4-5 5:00,-999,20.38
2025-4-5 6:00,-999,20.23
2025-4-5 7:00,-999,20.85
2025-4-5 8:00,-999,22.28
2025-4-5 9:00,-999,23.72
2025-4-5 10:00,-999,24.86
2025-4-5 11:00,-999,25.8
2025-4-5 12:00,-999,26.46
2025-4-5 13:00,-999,26.85
2025-4-5 14:00,-999,26.91
2025-4-5 15:00,-999,26.64
2025-4-5 16:00,-999,25.96
2025-4-5 17:00,-999,24.55
2025-4-5 18:00,-999,23.21
2025-4-5 19:00,-999,22.46
2025-4-5 20:00,-999,21.97
2025-4-5 21:00,-999,21.68
2025-4-5 22:00,-999,21.63
2025-4-5 23:00,-999,21.55
2025-4-6 0:00,-999,21.29
2025-4-6 1:00,-999,20.99
2025-4-6 2:00,-999,20.77
2025-4-6 3:00,-999,20.53
2025-4-6 4:00,-999,20.26
2025-4-6 5:00,-999,19.99
2025-4-6 6:00,-999,19.88
2025-4-6 7:00,-999,21.17
2025-4-6 8:00,-999,22.59
2025-4-6 9:00,-999,23.57
2025-4-6 10:00,-999,24.19
2025-4-6 11:00,-999,24.62
2025-4-6 12:00,-999,24.8
2025-4-6 13:00,-999,24.77
2025-4-6 14:00,-999,24.64
2025-4-6 15:00,-999,24.33
2025-4-6 16:00,-999,23.75
2025-4-6 17:00,-999,22.86
2025-4-6 18:00,-999,22.1
2025-4-6 19:00,-999,21.65
2025-4-6 20:00,-999,21.3
2025-4-6 21:00,-999,21.07
2025-4-6 22:00,-999,20.87
2025-4-6 23:00,-999,20.68
2025-4-7 0:00,-999,20.48
2025-4-7 1:00,-999,20.16
2025-4-7 2:00,-999,19.8
2025-4-7 3:00,-999,19.47
2025-4-7 4:00,-999,19.2
2025-4-7 5:00,-999,18.9
2025-4-7 6:00,-999,18.76
2025-4-7 7:00,-999,20.07
2025-4-7 8:00,-999,21.72
2025-4-7 9:00,-999,23.32
2025-4-7 10:00,-999,24.51
2025-4-7 11:00,-999,25.29
2025-4-7 12:00,-999,25.83
2025-4-7 13:00,-999,26.14
2025-4-7 14:00,-999,26.13
2025-4-7 15:00,-999,25.65
2025-4-7 16:00,-999,24.44
2025-4-7 17:00,-999,23
2025-4-7 18:00,-999,21.98
2025-4-7 19:00,-999,21.43
2025-4-7 20:00,-999,21.14
2025-4-7 21:00,-999,21.3
2025-4-7 22:00,-999,21.57
2025-4-7 23:00,-999,21.5
2025-4-8 0:00,-999,21.31
2025-4-8 1:00,-999,21.06
2025-4-8 2:00,-999,20.63
2025-4-8 3:00,-999,19.99
2025-4-8 4:00,-999,19.51
2025-4-8 5:00,-999,19.12
2025-4-8 6:00,-999,19.01
2025-4-8 7:00,-999,20.55
2025-4-8 8:00,-999,22.36
2025-4-8 9:00,-999,23.87
2025-4-8 10:00,-999,24.68
2025-4-8 11:00,-999,25.03
2025-4-8 12:00,-999,25.12
2025-4-8 13:00,-999,24.88
2025-4-8 14:00,-999,24.33
2025-4-8 15:00,-999,23.81
2025-4-8 16:00,-999,23.25
2025-4-8 17:00,-999,22.31
2025-4-8 18:00,-999,21.46
2025-4-8 19:00,-999,20.99
2025-4-8 20:00,-999,20.67
2025-4-8 21:00,-999,20.65
2025-4-8 22:00,-999,20.67
2025-4-8 23:00,-999,20.46
2025-4-9 0:00,-999,20.07
2025-4-9 1:00,-999,19.57
2025-4-9 2:00,-999,19.14
2025-4-9 3:00,-999,18.86
2025-4-9 4:00,-999,18.66
2025-4-9 5:00,-999,18.44
2025-4-9 6:00,-999,18.31
2025-4-9 7:00,-999,19.26
2025-4-9 8:00,-999,20.65
2025-4-9 9:00,-999,22.17
2025-4-9 10:00,-999,22.98
2025-4-9 11:00,-999,23.24
2025-4-9 12:00,-999,23.08
2025-4-9 13:00,-999,22.94
2025-4-9 14:00,-999,22.68
2025-4-9 15:00,-999,22.39
2025-4-9 16:00,-999,21.97
2025-4-9 17:00,-999,21.21
2025-4-9 18:00,-999,20.47
2025-4-9 19:00,-999,19.96
2025-4-9 20:00,-999,19.57
2025-4-9 21:00,-999,19.35
2025-4-9 22:00,-999,19.15
2025-4-9 23:00,-999,18.92
2025-4-10 0:00,-999,18.67
2025-4-10 1:00,-999,18.38
2025-4-10 2:00,-999,18.18
2025-4-10 3:00,-999,18.09
2025-4-10 4:00,-999,17.97
2025-4-10 5:00,-999,17.83
2025-4-10 6:00,-999,17.86
2025-4-10 7:00,-999,19.07
2025-4-10 8:00,-999,20.82
2025-4-10 9:00,-999,22.36
2025-4-10 10:00,-999,23.39
2025-4-10 11:00,-999,23.97
2025-4-10 12:00,-999,24.08
2025-4-10 13:00,-999,24.04
2025-4-10 14:00,-999,23.95
2025-4-10 15:00,-999,23.53
2025-4-10 16:00,-999,22.89
2025-4-10 17:00,-999,21.93
2025-4-10 18:00,-999,21.11
2025-4-10 19:00,-999,20.63
2025-4-10 20:00,-999,20.33
2025-4-10 21:00,-999,20.12
2025-4-10 22:00,-999,19.96
2025-4-10 23:00,-999,19.74
2025-4-11 0:00,-999,19.51
2025-4-11 1:00,-999,19.36
2025-4-11 2:00,-999,19.14
2025-4-11 3:00,-999,18.96
2025-4-11 4:00,-999,18.86
2025-4-11 5:00,-999,18.78
2025-4-11 6:00,-999,18.76
2025-4-11 7:00,-999,19.51
2025-4-11 8:00,-999,20.99
2025-4-11 9:00,-999,22.83
2025-4-11 10:00,-999,24.08
2025-4-11 11:00,-999,24.68
2025-4-11 12:00,-999,24.88
2025-4-11 13:00,-999,24.82
2025-4-11 14:00,-999,24.51
2025-4-11 15:00,-999,23.99
2025-4-11 16:00,-999,23.38
2025-4-11 17:00,-999,22.52
2025-4-11 18:00,-999,21.78
2025-4-11 19:00,-999,21.3
2025-4-11 20:00,-999,20.9
2025-4-11 21:00,-999,20.74
2025-4-11 22:00,-999,20.75
2025-4-11 23:00,-999,20.62
2025-4-12 0:00,-999,20.49
2025-4-12 1:00,-999,20.44
2025-4-12 2:00,-999,20.36
2025-4-12 3:00,-999,20.34
2025-4-12 4:00,-999,20.42
2025-4-12 5:00,-999,20.48
2025-4-12 6:00,-999,20.44
2025-4-12 7:00,-999,21.01
2025-4-12 8:00,-999,21.62
2025-4-12 9:00,-999,22.39
2025-4-12 10:00,-999,23.18
2025-4-12 11:00,-999,23.36
2025-4-12 12:00,-999,23.12
2025-4-12 13:00,-999,22.97
2025-4-12 14:00,-999,22.81
2025-4-12 15:00,-999,22.64
2025-4-12 16:00,-999,22.32
2025-4-12 17:00,-999,21.99
2025-4-12 18:00,-999,21.72
2025-4-12 19:00,-999,21.55
2025-4-12 20:00,-999,21.34
2025-4-12 21:00,-999,21.05
2025-4-12 22:00,-999,20.66
2025-4-12 23:00,-999,20.09
2025-4-13 0:00,-999,19.84
2025-4-13 1:00,-999,19.86
2025-4-13 2:00,-999,19.89
2025-4-13 3:00,-999,20.04
2025-4-13 4:00,-999,20.22
2025-4-13 5:00,-999,20.31
2025-4-13 6:00,-999,20.44
2025-4-13 7:00,-999,21.27
2025-4-13 8:00,-999,22.38
2025-4-13 9:00,-999,23.11
2025-4-13 10:00,-999,23.67
2025-4-13 11:00,-999,23.99
2025-4-13 12:00,-999,24.04
2025-4-13 13:00,-999,23.86
2025-4-13 14:00,-999,23.62
2025-4-13 15:00,-999,23.31
2025-4-13 16:00,-999,22.82
2025-4-13 17:00,-999,21.96
2025-4-13 18:00,-999,21.25
2025-4-13 19:00,-999,20.75
2025-4-13 20:00,-999,20.35
2025-4-13 21:00,-999,19.98
2025-4-13 22:00,-999,19.66
2025-4-13 23:00,-999,19.45
2025-4-14 0:00,-999,19.29
2025-4-14 1:00,-999,19.14
2025-4-14 2:00,-999,19.05
2025-4-14 3:00,-999,18.99
2025-4-14 4:00,-999,18.96
2025-4-14 5:00,-999,18.89
2025-4-14 6:00,-999,18.9
2025-4-14 7:00,-999,19.86
2025-4-14 8:00,-999,21.24
2025-4-14 9:00,-999,22.49
2025-4-14 10:00,-999,23.07
2025-4-14 11:00,-999,23.31
2025-4-14 12:00,-999,23.29
2025-4-14 13:00,-999,23.28
2025-4-14 14:00,-999,23.14
2025-4-14 15:00,-999,22.81
2025-4-14 16:00,-999,22.17
2025-4-14 17:00,-999,21.42
2025-4-14 18:00,-999,20.93
2025-4-14 19:00,-999,20.56
2025-4-14 20:00,-999,20.17
2025-4-14 21:00,-999,19.82
2025-4-14 22:00,-999,19.51
2025-4-14 23:00,-999,19.23
2025-4-15 0:00,-999,18.96
2025-4-15 1:00,-999,18.69
2025-4-15 2:00,-999,18.53
2025-4-15 3:00,-999,18.45
2025-4-15 4:00,-999,18.43
2025-4-15 5:00,-999,18.42
2025-4-15 6:00,-999,18.53
2025-4-15 7:00,-999,19.75
2025-4-15 8:00,-999,21.22
2025-4-15 9:00,-999,22.44
2025-4-15 10:00,-999,23.27
2025-4-15 11:00,-999,23.8
2025-4-15 12:00,-999,24.03
2025-4-15 13:00,-999,23.94
2025-4-15 14:00,-999,23.81
2025-4-15 15:00,-999,23.54
2025-4-15 16:00,-999,22.95
2025-4-15 17:00,-999,21.85
2025-4-15 18:00,-999,20.98
2025-4-15 19:00,-999,20.4
2025-4-15 20:00,-999,20.05
2025-4-15 21:00,-999,19.75
2025-4-15 22:00,-999,19.48
2025-4-15 23:00,-999,19.14
2025-4-16 0:00,-999,18.73
2025-4-16 1:00,-999,18.29
2025-4-16 2:00,-999,17.89
2025-4-16 3:00,-999,17.62
2025-4-16 4:00,-999,17.45
2025-4-16 5:00,-999,17.27
2025-4-16 6:00,-999,17.18
2025-4-16 7:00,-999,18.12
2025-4-16 8:00,-999,19.6
2025-4-16 9:00,-999,20.86
2025-4-16 10:00,-999,21.86
2025-4-16 11:00,-999,22.67
2025-4-16 12:00,-999,23.23
2025-4-16 13:00,-999,23.49
2025-4-16 14:00,-999,23.52
2025-4-16 15:00,-999,23.28
2025-4-16 16:00,-999,22.57
2025-4-16 17:00,-999,21.39
2025-4-16 18:00,-999,20.45
2025-4-16 19:00,-999,19.7
2025-4-16 20:00,-999,19.03
2025-4-16 21:00,-999,18.57
2025-4-16 22:00,-999,18.22
2025-4-16 23:00,-999,17.89
2025-4-17 0:00,-999,17.53
2025-4-17 1:00,-999,17.18
2025-4-17 2:00,-999,16.9
2025-4-17 3:00,-999,16.72
2025-4-17 4:00,-999,16.61
2025-4-17 5:00,-999,16.48
2025-4-17 6:00,-999,16.44
2025-4-17 7:00,-999,17.77
2025-4-17 8:00,-999,19.64
2025-4-17 9:00,-999,21.53
2025-4-17 10:00,-999,22.79
2025-4-17 11:00,-999,23.73
2025-4-17 12:00,-999,24.35
2025-4-17 13:00,-999,24.67
2025-4-17 14:00,-999,24.72
2025-4-17 15:00,-999,24.36
2025-4-17 16:00,-999,23.53
2025-4-17 17:00,-999,22.36
2025-4-17 18:00,-999,21.48
2025-4-17 19:00,-999,20.91
2025-4-17 20:00,-999,20.52
2025-4-17 21:00,-999,20.26
2025-4-17 22:00,-999,19.86
2025-4-17 23:00,-999,19.41
2025-4-18 0:00,-999,18.99
2025-4-18 1:00,-999,18.46
2025-4-18 2:00,-999,18.03
2025-4-18 3:00,-999,17.87
2025-4-18 4:00,-999,17.7
2025-4-18 5:00,-999,17.48
2025-4-18 6:00,-999,17.39
2025-4-18 7:00,-999,18.61
2025-4-18 8:00,-999,20.41
2025-4-18 9:00,-999,21.88
2025-4-18 10:00,-999,22.99
2025-4-18 11:00,-999,23.89
2025-4-18 12:00,-999,24.55
2025-4-18 13:00,-999,24.97
2025-4-18 14:00,-999,25.05
2025-4-18 15:00,-999,24.45
2025-4-18 16:00,-999,23.31
2025-4-18 17:00,-999,22.01
2025-4-18 18:00,-999,21.19
2025-4-18 19:00,-999,20.73
2025-4-18 20:00,-999,20.41
2025-4-18 21:00,-999,20.27
2025-4-18 22:00,-999,20.17
2025-4-18 23:00,-999,20.04
2025-4-19 0:00,-999,19.92
2025-4-19 1:00,-999,19.76
2025-4-19 2:00,-999,19.71
2025-4-19 3:00,-999,19.52
2025-4-19 4:00,-999,19.05
2025-4-19 5:00,-999,18.63
2025-4-19 6:00,-999,18.5
2025-4-19 7:00,-999,19.4
2025-4-19 8:00,-999,21.15
2025-4-19 9:00,-999,22.54
2025-4-19 10:00,-999,23.64
2025-4-19 11:00,-999,24.59
2025-4-19 12:00,-999,25.29
2025-4-19 13:00,-999,25.71
2025-4-19 14:00,-999,25.64
2025-4-19 15:00,-999,25.1
2025-4-19 16:00,-999,24.08
2025-4-19 17:00,-999,22.74
2025-4-19 18:00,-999,21.81
2025-4-19 19:00,-999,21.25
2025-4-19 20:00,-999,20.83
2025-4-19 21:00,-999,20.55
2025-4-19 22:00,-999,20.46
2025-4-19 23:00,-999,20.36
2025-4-20 0:00,-999,20.18
2025-4-20 1:00,-999,19.98
2025-4-20 2:00,-999,19.82
2025-4-20 3:00,-999,19.67
2025-4-20 4:00,-999,19.42
2025-4-20 5:00,-999,19.12
2025-4-20 6:00,-999,18.93
2025-4-20 7:00,-999,19.82
2025-4-20 8:00,-999,21.63
2025-4-20 9:00,-999,23.25
2025-4-20 10:00,-999,24.42
2025-4-20 11:00,-999,25.29
2025-4-20 12:00,-999,25.83
2025-4-20 13:00,-999,25.95
2025-4-20 14:00,-999,25.74
2025-4-20 15:00,-999,25.14
2025-4-20 16:00,-999,24.12
2025-4-20 17:00,-999,22.86
2025-4-20 18:00,-999,21.96
2025-4-20 19:00,-999,21.43
2025-4-20 20:00,-999,21.08
2025-4-20 21:00,-999,20.86
2025-4-20 22:00,-999,20.69
2025-4-20 23:00,-999,20.48
2025-4-21 0:00,-999,20.24
2025-4-21 1:00,-999,19.99
2025-4-21 2:00,-999,19.79
2025-4-21 3:00,-999,19.67
2025-4-21 4:00,-999,19.52
2025-4-21 5:00,-999,19.18
2025-4-21 6:00,-999,18.83
2025-4-21 7:00,-999,19.81
2025-4-21 8:00,-999,21.63
2025-4-21 9:00,-999,23.24
2025-4-21 10:00,-999,24.41
2025-4-21 11:00,-999,25.29
2025-4-21 12:00,-999,25.82
2025-4-21 13:00,-999,26
2025-4-21 14:00,-999,25.79
2025-4-21 15:00,-999,25.15
2025-4-21 16:00,-999,23.93
2025-4-21 17:00,-999,22.56
2025-4-21 18:00,-999,21.65
2025-4-21 19:00,-999,21.24
2025-4-21 20:00,-999,20.99
2025-4-21 21:00,-999,20.77
2025-4-21 22:00,-999,20.52
2025-4-21 23:00,-999,20.32
2025-4-22 0:00,-999,20.06
2025-4-22 1:00,-999,19.81
2025-4-22 2:00,-999,19.7
2025-4-22 3:00,-999,19.71
2025-4-22 4:00,-999,19.65
2025-4-22 5:00,-999,19.32
2025-4-22 6:00,-999,18.72
2025-4-22 7:00,-999,18.93
2025-4-22 8:00,-999,20.32
2025-4-22 9:00,-999,21.9
2025-4-22 10:00,-999,22.84
2025-4-22 11:00,-999,23.32
2025-4-22 12:00,-999,23.68
2025-4-22 13:00,-999,23.9
2025-4-22 14:00,-999,23.93
2025-4-22 15:00,-999,23.67
2025-4-22 16:00,-999,22.83
2025-4-22 17:00,-999,21.33
2025-4-22 18:00,-999,20.23
2025-4-22 19:00,-999,19.61
2025-4-22 20:00,-999,19.25
2025-4-22 21:00,-999,19.01
2025-4-22 22:00,-999,18.54
2025-4-22 23:00,-999,17.99
2025-4-23 0:00,-999,17.55
2025-4-23 1:00,-999,17.15
2025-4-23 2:00,-999,16.74
2025-4-23 3:00,-999,16.43
2025-4-23 4:00,-999,16.25
2025-4-23 5:00,-999,16.16
2025-4-23 6:00,-999,16.23
2025-4-23 7:00,-999,17.49
2025-4-23 8:00,-999,19.44
2025-4-23 9:00,-999,21.03
2025-4-23 10:00,-999,22.08
2025-4-23 11:00,-999,22.89
2025-4-23 12:00,-999,23.45
2025-4-23 13:00,-999,23.76
2025-4-23 14:00,-999,23.77
2025-4-23 15:00,-999,23.37
2025-4-23 16:00,-999,22.48
2025-4-23 17:00,-999,21.21
2025-4-23 18:00,-999,20.29
2025-4-23 19:00,-999,19.82
2025-4-23 20:00,-999,19.63
2025-4-23 21:00,-999,19.5
2025-4-23 22:00,-999,19.4
2025-4-23 23:00,-999,19.24
2025-4-24 0:00,-999,19
2025-4-24 1:00,-999,18.84
2025-4-24 2:00,-999,18.79
2025-4-24 3:00,-999,18.89
2025-4-24 4:00,-999,19.05
2025-4-24 5:00,-999,19.24
2025-4-24 6:00,-999,19.44
2025-4-24 7:00,-999,19.99
2025-4-24 8:00,-999,20.79
2025-4-24 9:00,-999,21.45
2025-4-24 10:00,-999,21.9
2025-4-24 11:00,-999,21.96
2025-4-24 12:00,-999,22.34
2025-4-24 13:00,-999,22.43
2025-4-24 14:00,-999,22.2
2025-4-24 15:00,-999,21.91
2025-4-24 16:00,-999,21.49
2025-4-24 17:00,-999,21
2025-4-24 18:00,-999,20.67
2025-4-24 19:00,-999,20.33
2025-4-24 20:00,-999,19.94
2025-4-24 21:00,-999,19.57
2025-4-24 22:00,-999,19.45
2025-4-24 23:00,-999,19.44
2025-4-25 0:00,-999,19.45
2025-4-25 1:00,-999,19.42
2025-4-25 2:00,-999,19.3
2025-4-25 3:00,-999,19.18
2025-4-25 4:00,-999,19.14
2025-4-25 5:00,-999,19.15
2025-4-25 6:00,-999,19.16
2025-4-25 7:00,-999,19.33
2025-4-25 8:00,-999,19.69
2025-4-25 9:00,-999,20.1
2025-4-25 10:00,-999,20.55
2025-4-25 11:00,-999,20.85
2025-4-25 12:00,-999,21.1
2025-4-25 13:00,-999,21.17
2025-4-25 14:00,-999,21.21
2025-4-25 15:00,-999,21.14
2025-4-25 16:00,-999,20.86
2025-4-25 17:00,-999,20.29
2025-4-25 18:00,-999,19.82
2025-4-25 19:00,-999,19.55
2025-4-25 20:00,-999,19.45
2025-4-25 21:00,-999,19.5
2025-4-25 22:00,-999,19.56
2025-4-25 23:00,-999,19.6
2025-4-26 0:00,-999,19.62
2025-4-26 1:00,-999,19.6
2025-4-26 2:00,-999,19.58
2025-4-26 3:00,-999,19.57
2025-4-26 4:00,-999,19.51
2025-4-26 5:00,-999,19.47
2025-4-26 6:00,-999,19.37
2025-4-26 7:00,-999,19.77
2025-4-26 8:00,-999,20.69
2025-4-26 9:00,-999,22.14
2025-4-26 10:00,-999,23.51
2025-4-26 11:00,-999,24.2
2025-4-26 12:00,-999,24.43
2025-4-26 13:00,-999,24.46
2025-4-26 14:00,-999,24.34
2025-4-26 15:00,-999,23.95
2025-4-26 16:00,-999,23.1
2025-4-26 17:00,-999,22.07
2025-4-26 18:00,-999,21.48
2025-4-26 19:00,-999,21.3
2025-4-26 20:00,-999,21.14
2025-4-26 21:00,-999,20.87
2025-4-26 22:00,-999,20.65
2025-4-26 23:00,-999,20.38
2025-4-27 0:00,-999,20.12
2025-4-27 1:00,-999,19.8
2025-4-27 2:00,-999,19.53
2025-4-27 3:00,-999,19.4
2025-4-27 4:00,-999,19.31
2025-4-27 5:00,-999,19.07
2025-4-27 6:00,-999,18.79
2025-4-27 7:00,-999,19.1
2025-4-27 8:00,-999,19.75
2025-4-27 9:00,-999,21.42
2025-4-27 10:00,-999,23.4
2025-4-27 11:00,-999,24.64
2025-4-27 12:00,-999,25.32
2025-4-27 13:00,-999,25.72
2025-4-27 14:00,-999,25.77
2025-4-27 15:00,-999,25.32
2025-4-27 16:00,-999,24.27
2025-4-27 17:00,-999,22.87
2025-4-27 18:00,-999,21.85
2025-4-27 19:00,-999,21.13
2025-4-27 20:00,-999,20.5
2025-4-27 21:00,-999,20.14
2025-4-27 22:00,-999,19.71
2025-4-27 23:00,-999,19.3
2025-4-28 0:00,-999,18.87
2025-4-28 1:00,-999,18.46
2025-4-28 2:00,-999,18.15
2025-4-28 3:00,-999,17.96
2025-4-28 4:00,-999,17.8
2025-4-28 5:00,-999,17.6
2025-4-28 6:00,-999,17.32
2025-4-28 7:00,-999,17.8
2025-4-28 8:00,-999,18.76
2025-4-28 9:00,-999,20.02
2025-4-28 10:00,-999,21.44
2025-4-28 11:00,-999,22.7
2025-4-28 12:00,-999,23.68
2025-4-28 13:00,-999,24.38
2025-4-28 14:00,-999,24.78
2025-4-28 15:00,-999,24.86
2025-4-28 16:00,-999,24.36
2025-4-28 17:00,-999,23.22
2025-4-28 18:00,-999,21.99
2025-4-28 19:00,-999,21.19
2025-4-28 20:00,-999,20.93
2025-4-28 21:00,-999,21.04
2025-4-28 22:00,-999,21.05
2025-4-28 23:00,-999,20.62
2025-4-29 0:00,-999,-999
2025-4-29 1:00,-999,-999
2025-4-29 2:00,-999,-999
2025-4-29 3:00,-999,-999
2025-4-29 4:00,-999,-999
2025-4-29 5:00,-999,-999
2025-4-29 6:00,-999,-999
2025-4-29 7:00,-999,-999
2025-4-29 8:00,-999,-999
2025-4-29 9:00,-999,-999
2025-4-29 10:00,-999,-999
2025-4-29 11:00,-999,-999
2025-4-29 12:00,-999,-999
2025-4-29 13:00,-999,-999
2025-4-29 14:00,-999,-999
2025-4-29 15:00,-999,-999
2025-4-29 16:00,-999,-999
2025-4-29 17:00,-999,-999
2025-4-29 18:00,-999,-999
2025-4-29 19:00,-999,-999
2025-4-29 20:00,-999,-999
2025-4-29 21:00,-999,-999
2025-4-29 22:00,-999,-999
2025-4-29 23:00,-999,-999
2025-4-30 0:00,-999,-999
2025-4-30 1:00,-999,-999
2025-4-30 2:00,-999,-999
2025-4-30 3:00,-999,-999
2025-4-30 4:00,-999,-999
2025-4-30 5:00,-999,-999
2025-4-30 6:00,-999,-999
2025-4-30 7:00,-999,-999
2025-4-30 8:00,-999,-999
2025-4-30 9:00,-999,-999
2025-4-30 10:00,-999,-999
2025-4-30 11:00,-999,-999
2025-4-30 12:00,-999,-999
2025-4-30 13:00,-999,-999
2025-4-30 14:00,-999,-999
2025-4-30 15:00,-999,-999
2025-4-30 16:00,-999,-999
2025-4-30 17:00,-999,-999
2025-4-30 18:00,-999,-999
2025-4-30 19:00,-999,-999
2025-4-30 20:00,-999,-999
2025-4-30 21:00,-999,-999
2025-4-30 22:00,-999,-999
2025-4-30 23:00,-999,-999
,,
,,
,,
,,
,,
,,
,,
,,
,,
,,
,,
,,
,,
,,
,,
,,
,,
,,
,,
,,
,,
,,
,,
,,
,,
,,
,,
,,
,,
,,
,,
,,
,,
